player,position,team,age,birth_year,games,minutes,minutes_per_game,minutes_pct,minutes_90s,games_starts,minutes_per_start,games_complete,games_subs,minutes_per_sub,unused_subs,points_per_game,on_goals_for,on_goals_against,plus_minus,plus_minus_per90,plus_minus_wowy,on_xg_for,on_xg_against,xg_plus_minus,xg_plus_minus_per90,xg_plus_minus_wowy
Aaron Long,DF,United States,30-067,1992,0,,,,,0,,0,0,,4,,,,,,,,,,,
Aaron Mooy,MF,Australia,32-094,1990,4,360,90,100.0,4.0,4,90,4,0,,0,1.50,4,6,-2,-0.50,,2.3,7.2,-4.9,-1.23,
Aaron Ramsdale,GK,England,24-218,1998,0,,,,,0,,0,0,,5,,,,,,,,,,,
Aaron Ramsey,MF,Wales,31-357,1990,3,266,89,98.5,3.0,3,89,2,0,,0,0.33,1,4,-3,-1.02,+43.98,2.6,4.1,-1.5,-0.49,+9.06
Abdelhamid Sabiri,MF,Morocco,26-020,1996,5,181,36,27.4,2.0,2,55,0,3,24,2,1.60,5,3,+2,+0.99,+1.18,3.1,1.6,+1.5,+0.90,+1.30
Abdelkarim Hassan,DF,Qatar,29-112,1993,3,270,90,100.0,3.0,3,90,3,0,,0,0.00,1,7,-6,-2.00,,1.4,3.5,-2.1,-0.71,
Abderrazak Hamdallah,FW,Morocco,32-001,1990,4,68,17,10.3,0.8,0,,0,4,17,3,1.75,2,1,+1,+1.32,+1.32,1.9,1.0,+0.9,+1.16,+1.42
Abdessamad Ezzalzouli,FW,Morocco,21-001,2001,3,93,31,14.1,1.0,0,,0,3,31,4,0.67,0,1,-1,-0.97,-1.29,1.1,1.4,-0.3,-0.48,-0.41
Abdou Diallo,DF,Senegal,26-228,1996,4,331,83,91.9,3.7,4,83,3,0,,0,1.50,5,5,0,0.00,+6.21,4.0,3.2,+0.8,+0.21,-0.59
Abdul Fatawu Issahaku,FW,Ghana,18-285,2004,1,1,1,0.4,0.0,0,,0,1,1,2,0.00,0,0,0,0.00,+0.67,0.0,0.0,0.0,-3.29,-2.82
Abdulaziz Hatem,MF,Qatar,32-051,1990,3,196,65,72.6,2.2,2,87,1,1,22,0,0.00,1,5,-4,-1.84,+0.60,0.7,3.0,-2.4,-1.08,-1.36
Abdulelah Al-Amri,DF,Saudi Arabia,25-337,1997,3,182,61,67.4,2.0,2,90,2,1,2,0,1.00,1,4,-3,-1.48,-2.51,2.8,3.9,-1.1,-0.53,+1.49
Abdulellah Al-Malki,MF,Saudi Arabia,28-068,1994,2,174,87,64.4,1.9,2,87,1,0,,0,1.50,2,3,-1,-0.52,+0.42,1.8,3.5,-1.7,-0.90,+0.31
Abdullah Madu,DF,Saudi Arabia,29-156,1993,1,45,45,16.7,0.5,0,,0,1,45,2,0.00,1,2,-1,-2.00,-1.60,0.9,1.3,-0.4,-0.79,+0.27
Abdullah Otayf,MF,Saudi Arabia,30-137,1992,0,,,,,0,,0,0,,3,,,,,,,,,,,
Abdulrahman Al-Aboud,MF,Saudi Arabia,27-200,1995,2,35,18,13.0,0.4,0,,0,2,18,1,0.00,1,0,+1,+2.57,+3.72,0.8,0.9,-0.1,-0.18,+0.95
Abolfazl Jalali,DF,IR Iran,24-175,1998,1,19,19,7.0,0.2,0,,0,1,19,2,0.00,0,0,0,0.00,+1.08,0.2,0.1,+0.1,+0.43,+0.81
Achraf Dari,DF,Morocco,23-226,1999,3,187,62,28.3,2.1,2,77,1,1,34,4,1.00,1,4,-3,-1.44,-2.20,2.3,3.1,-0.8,-0.37,-0.37
Achraf Hakimi,DF,Morocco,24-044,1998,7,631,90,95.6,7.0,7,90,5,0,,0,1.57,4,5,-1,-0.14,-6.35,5.3,7.4,-2.1,-0.31,-2.21
Adam Davies,GK,Wales,30-154,1992,0,,,,,0,,0,0,,3,,,,,,,,,,,
Adrien Rabiot,MF,France,27-259,1995,6,483,81,73.2,5.4,5,91,4,1,28,0,2.17,13,6,+7,+1.30,+0.80,10.4,7.2,+3.2,+0.59,+0.32
Agustín Canobbio,MF,Uruguay,24-078,1998,1,11,11,4.1,0.1,0,,0,1,11,2,3.00,0,0,0,0.00,0.00,0.2,0.6,-0.4,-3.14,-3.32
Ahmad Nourollahi,MF,IR Iran,29-319,1993,3,223,74,82.6,2.5,3,74,0,0,,0,1.00,1,6,-5,-2.02,-5.85,1.6,3.1,-1.5,-0.60,-1.61
Ahmed Alaaeldin,FW,Qatar,29-321,1993,1,6,6,2.2,0.1,0,,0,1,6,2,0.00,0,0,0,0.00,+2.05,0.0,0.0,0.0,-0.07,+0.65
Ahmed Reda Tagnaouti,GK,Morocco,26-257,1996,0,,,,,0,,0,0,,7,,,,,,,,,,,
Aimen Dahmen,GK,Tunisia,25-324,1997,3,270,90,100.0,3.0,3,90,3,0,,0,1.33,1,1,0,0.00,,2.3,2.8,-0.5,-0.17,
Ajdin Hrustic,MF,Australia,26-166,1996,3,62,21,17.2,0.7,0,,0,3,21,1,2.00,1,0,+1,+1.45,+2.36,0.6,1.6,-1.0,-1.44,-0.25
Akram Afif,FW,Qatar,26-030,1996,3,270,90,100.0,3.0,3,90,3,0,,0,0.00,1,7,-6,-2.00,,1.4,3.5,-2.1,-0.71,
Alan Franco,MF,Ecuador,24-119,1998,2,46,23,17.0,0.5,1,45,0,1,1,1,1.50,0,1,-1,-1.96,-2.76,0.1,1.6,-1.4,-2.79,-3.83
Alejandro Balde,DF,Spain,19-061,2003,4,126,32,32.3,1.4,1,67,0,3,20,0,1.25,4,3,+1,+0.71,-0.99,1.9,1.7,+0.2,+0.19,-0.60
Aleksandar Mitrović,FW,Serbia,28-093,1994,3,262,87,97.0,2.9,3,87,2,0,,0,0.33,5,8,-3,-1.03,-1.03,3.3,7.3,-3.9,-1.35,-1.13
Alex Sandro,DF,Brazil,31-326,1991,3,190,63,39.6,2.1,2,88,1,1,15,0,2.33,3,1,+2,+0.95,+0.02,3.4,0.6,+2.7,+1.41,-0.70
Alex Telles,DF,Brazil,30-003,1992,2,59,30,12.3,0.7,1,54,0,1,5,1,1.50,0,0,0,0.00,-1.07,1.4,0.2,+1.2,+1.79,-0.08
Alexander Bah,DF,Denmark,25-009,1997,2,46,23,17.0,0.5,0,,0,2,23,1,0.00,0,1,-1,-1.96,-1.55,0.4,0.4,-0.1,-0.16,+0.28
Alexander Djiku,DF,Ghana,28-131,1994,2,97,49,35.9,1.1,1,89,0,1,8,1,1.50,2,3,-1,-0.93,-0.41,0.9,2.4,-1.4,-1.33,-1.33
Alexander Domínguez,GK,Ecuador,35-196,1987,0,,,,,0,,0,0,,3,,,,,,,,,,,
Alexis Mac Allister,MF,Argentina,23-359,1998,6,550,92,79.7,6.1,6,92,1,0,,1,2.33,13,5,+8,+1.31,+1.95,11.3,2.8,+8.5,+1.47,+0.36
Alexis Vega,FW,Mexico,25-023,1997,3,193,64,71.5,2.1,3,64,0,0,,0,1.33,0,1,-1,-0.47,-0.47,1.9,1.3,+0.7,+0.31,+0.02
Alfred Gomis,GK,Senegal,29-104,1993,0,,,,,0,,0,0,,4,,,,,,,,,,,
Alfredo Talavera,GK,Mexico,40-091,1982,0,,,,,0,,0,0,,3,,,,,,,,,,,
Ali Abdi,DF,Tunisia,28-363,1993,3,188,63,69.6,2.1,2,90,2,1,8,0,1.33,0,1,-1,-0.48,-1.58,1.8,2.3,-0.4,-0.21,-0.14
Ali Al Hassan,MF,Saudi Arabia,25-289,1997,1,45,45,16.7,0.5,1,45,0,0,,2,0.00,0,0,0,0.00,+0.80,0.2,1.0,-0.8,-1.56,-0.66
Ali Al-Bulaihi,DF,Saudi Arabia,33-027,1989,3,216,72,80.0,2.4,3,72,2,0,,0,1.00,2,3,-1,-0.42,+1.25,2.0,4.5,-2.6,-1.06,-0.27
Ali Assadalla,MF,Qatar,29-333,1993,1,27,27,10.0,0.3,0,,0,1,27,2,0.00,0,0,0,0.00,+2.22,0.0,0.0,0.0,+0.06,+0.86
Ali Gholizadeh,MF,IR Iran,26-283,1996,3,199,66,73.7,2.2,2,77,0,1,45,0,1.00,2,4,-2,-0.90,+0.36,2.3,3.0,-0.6,-0.29,+0.11
Ali Karimi,MF,IR Iran,28-310,1994,3,99,33,36.7,1.1,1,45,0,2,27,0,1.00,2,3,-1,-0.91,+0.14,1.1,1.4,-0.3,-0.28,+0.06
Ali Maâloul,DF,Tunisia,32-351,1990,1,90,90,33.3,1.0,1,90,1,0,,2,3.00,1,0,+1,+1.00,+1.50,0.5,0.8,-0.3,-0.30,-0.20
Alidu Seidu,DF,Ghana,22-197,2000,2,155,78,57.4,1.7,2,78,1,0,,1,0.00,0,3,-3,-1.74,-2.52,1.6,3.3,-1.6,-0.95,-1.12
Alireza Beiranvand,GK,IR Iran,30-088,1992,2,109,55,40.4,1.2,2,55,1,0,,0,0.00,0,1,-1,-0.83,+0.29,0.4,1.3,-0.9,-0.71,-0.66
Alireza Jahanbakhsh,MF,IR Iran,29-129,1993,2,59,30,21.9,0.7,1,45,0,1,14,0,1.50,2,3,-1,-1.53,-0.67,0.6,1.1,-0.4,-0.62,-0.39
Alisson,GK,Brazil,30-077,1992,4,379,95,79.0,4.2,4,95,3,0,,1,2.50,8,2,+6,+1.42,+2.32,9.2,1.5,+7.7,+1.99,+0.48
Alistair Johnston,DF,Canada,24-071,1998,3,270,90,100.0,3.0,3,90,3,0,,0,0.00,2,7,-5,-1.67,,4.2,3.9,+0.3,+0.11,
Almoez Ali,FW,Qatar,26-121,1996,3,224,75,83.0,2.5,3,75,1,0,,0,0.00,1,7,-6,-2.41,-2.41,1.3,3.5,-2.1,-0.86,-0.88
Alphonse Areola,GK,France,29-294,1993,0,,,,,0,,0,0,,7,,,,,,,,,,,
Alphonso Davies,MF,Canada,22-046,2000,3,270,90,100.0,3.0,3,90,3,0,,0,0.00,2,7,-5,-1.67,,4.2,3.9,+0.3,+0.11,
Amadou Onana,MF,Belgium,21-124,2001,2,104,52,38.5,1.2,1,59,0,1,45,0,1.50,0,0,0,0.00,+0.54,1.2,0.7,+0.4,+0.36,+0.49
Amir Abedzadeh,GK,IR Iran,29-236,1993,0,,,,,0,,0,0,,3,,,,,,,,,,,
Anass Zaroury,FW,Morocco,22-041,2000,1,27,27,4.1,0.3,0,,0,1,27,6,0.00,0,0,0,0.00,-0.14,0.4,0.3,+0.1,+0.40,+0.53
Andre-Frank Zambo Anguissa,MF,Cameroon,27-032,1995,3,260,87,96.3,2.9,3,87,2,0,,0,1.33,4,4,0,0.00,0.00,3.4,5.6,-2.3,-0.78,-0.04
Andreas Christensen,DF,Denmark,26-252,1996,3,270,90,100.0,3.0,3,90,3,0,,0,0.33,1,3,-2,-0.67,,2.7,3.9,-1.2,-0.39,
Andreas Cornelius,FW,Denmark,29-277,1993,3,92,31,34.1,1.0,1,45,0,2,24,0,0.33,0,0,0,0.00,+1.01,1.3,1.0,+0.3,+0.33,+1.10
Andreas Skov Olsen,FW,Denmark,22-354,1999,2,132,66,48.9,1.5,2,66,0,0,,1,0.50,0,1,-1,-0.68,-0.03,0.8,1.4,-0.7,-0.45,-0.11
Andrej Kramarić,FW,Croatia,31-182,1991,7,474,68,68.7,5.3,7,68,0,0,,0,1.43,6,6,0,0.00,-0.42,4.7,7.5,-2.8,-0.54,-0.03
Andrew Redmayne,GK,Australia,33-339,1989,0,,,,,0,,0,0,,4,,,,,,,,,,,
Andries Noppert,GK,Netherlands,28-255,1994,5,480,96,100.0,5.3,5,96,5,0,,0,2.20,10,4,+6,+1.13,,4.6,6.1,-1.5,-0.29,-0.29
Andrija Živković,DF,Serbia,26-160,1996,3,210,70,77.8,2.3,3,70,0,0,,0,0.33,5,6,-1,-0.43,+2.57,3.0,5.6,-2.7,-1.14,+0.79
André Ayew,MF,Ghana,33-001,1989,3,198,66,73.3,2.2,3,66,0,0,,0,1.00,4,5,-1,-0.45,+0.80,2.9,4.2,-1.3,-0.58,-0.37
André Onana,GK,Cameroon,26-260,1996,1,80,80,29.6,0.9,1,80,0,0,,0,0.00,0,1,-1,-1.13,-1.60,0.7,1.4,-0.7,-0.70,+0.12
André Silva,FW,Portugal,27-042,1995,1,26,26,5.8,0.3,0,,0,1,26,4,0.00,0,1,-1,-3.46,-4.95,0.1,0.9,-0.8,-2.79,-3.23
Andrés Guardado,MF,Mexico,36-081,1986,1,41,41,15.2,0.5,1,41,0,0,,2,0.00,0,0,0,0.00,+0.39,0.2,0.1,+0.1,+0.23,-0.08
Anis Ben Slimane,MF,Tunisia,21-277,2001,2,148,74,54.8,1.6,2,74,0,0,,1,2.00,1,0,+1,+0.61,+1.35,1.4,0.9,+0.5,+0.29,+1.02
Ansu Fati,FW,Spain,20-048,2002,2,46,23,11.8,0.5,0,,0,2,23,2,0.50,0,0,0,0.00,-1.57,0.6,0.7,0.0,-0.01,-0.68
Ante Budimir,FW,Croatia,31-149,1991,2,55,28,8.0,0.6,0,,0,2,28,5,1.00,1,0,+1,+1.64,+1.64,0.7,0.4,+0.3,+0.57,+1.17
Anthony Contreras,FW,Costa Rica,22-323,2000,3,125,42,46.3,1.4,2,62,0,1,1,0,1.00,0,4,-4,-2.88,-0.40,0.0,3.7,-3.6,-2.61,+0.53
Anthony Hernández,FW,Costa Rica,21-068,2001,0,,,,,0,,0,0,,3,,,,,,,,,,,
Antoine Griezmann,MF,France,31-272,1991,7,537,77,81.4,6.0,6,87,4,1,18,0,2.29,13,6,+7,+1.17,+0.44,11.5,8.0,+3.5,+0.59,+0.44
Antoine Semenyo,FW,Ghana,22-345,2000,2,20,10,7.4,0.2,0,,0,2,10,1,0.00,0,0,0,0.00,+0.72,0.6,0.2,+0.4,+1.75,+2.41
Antonee Robinson,DF,United States,25-132,1997,4,359,90,99.7,4.0,4,90,3,0,,0,1.25,3,4,-1,-0.25,-0.25,4.0,4.4,-0.4,-0.09,-6.84
Antonio Rüdiger,DF,Germany,29-290,1993,3,270,90,100.0,3.0,3,90,3,0,,0,1.33,6,5,+1,+0.33,,10.1,3.4,+6.7,+2.22,
Antony,FW,Brazil,22-297,2000,4,172,43,35.8,1.9,1,78,0,3,31,1,1.75,2,1,+1,+0.52,-0.65,4.0,0.6,+3.4,+2.14,+0.41
António Silva,DF,Portugal,19-049,2003,1,90,90,20.0,1.0,1,90,1,0,,4,0.00,1,2,-1,-1.00,-2.75,1.3,1.7,-0.4,-0.42,-0.84
Ao Tanaka,MF,Japan,24-099,1998,3,171,57,43.8,1.9,2,78,0,1,15,1,2.33,2,2,0,0.00,-0.41,1.8,3.6,-1.8,-1.01,-1.43
Ardon Jasari,FW,Switzerland,20-141,2002,1,2,2,0.6,0.0,0,,0,1,2,3,0.00,0,1,-1,-45.00,-44.25,0.0,0.1,-0.1,-2.59,-2.69
Arkadiusz Milik,FW,Poland,28-293,1994,3,101,34,28.1,1.1,1,70,0,2,16,1,1.33,2,2,0,0.00,+0.69,1.8,1.9,-0.1,-0.06,+0.86
Armel Bella Kotchap,DF,Germany,21-007,2001,0,,,,,0,,0,0,,3,,,,,,,,,,,
Arthur Theate,DF,Belgium,22-207,2000,0,,,,,0,,0,0,,3,,,,,,,,,,,
Artur Jędrzejczyk,DF,Poland,35-044,1987,1,19,19,5.3,0.2,0,,0,1,19,3,0.00,0,0,0,0.00,+0.53,0.0,0.7,-0.7,-3.31,-2.77
Asiri Haitham,FW,Saudi Arabia,21-268,2001,1,2,2,0.7,0.0,0,,0,1,2,2,3.00,0,0,0,0.00,+0.67,0.0,0.1,-0.1,-3.19,-2.19
Assim Madibo,MF,Qatar,26-057,1996,2,153,77,56.7,1.7,2,77,1,0,,1,0.00,1,5,-4,-2.35,-0.81,1.0,2.3,-1.3,-0.76,-0.11
Atiba Hutchinson,MF,Canada,39-313,1983,3,159,53,58.9,1.8,2,64,0,1,31,0,0.00,1,4,-3,-1.70,-0.08,3.2,2.1,+1.1,+0.60,+1.21
Aurélien Tchouaméni,MF,France,22-325,2000,7,621,89,94.1,6.9,7,89,5,0,,0,2.29,14,7,+7,+1.01,-1.29,13.2,9.0,+4.1,+0.63,+1.14
Awer Mabil,MF,Australia,27-094,1995,2,24,12,6.7,0.3,0,,0,2,12,2,1.50,0,0,0,0.00,+0.54,0.0,0.6,-0.6,-2.35,-1.20
Axel Disasi,DF,France,24-282,1998,3,92,31,13.9,1.0,1,90,1,2,1,4,1.33,0,2,-2,-1.96,-3.54,1.1,1.7,-0.6,-0.61,-1.29
Axel Witsel,MF,Belgium,33-340,1989,3,270,90,100.0,3.0,3,90,3,0,,0,1.33,1,2,-1,-0.33,,4.7,4.6,+0.2,+0.05,
Ayase Ueda,FW,Japan,24-099,1998,1,45,45,11.5,0.5,1,45,0,0,,3,0.00,0,0,0,0.00,-0.26,0.0,0.0,0.0,-0.03,+0.15
Aymen Mathlouthi,GK,Tunisia,38-095,1984,0,,,,,0,,0,0,,3,,,,,,,,,,,
Aymeric Laporte,DF,Spain,28-205,1994,3,300,100,76.9,3.3,3,100,3,0,,1,1.67,8,1,+7,+2.10,+3.10,5.1,2.0,+3.1,+1.05,+1.36
Ayrton Preciado,MF,Ecuador,28-154,1994,0,,,,,0,,0,0,,3,,,,,,,,,,,
Aziz Behich,DF,Australia,32-002,1990,4,360,90,100.0,4.0,4,90,4,0,,0,1.50,4,6,-2,-0.50,,2.3,7.2,-4.9,-1.23,
Azzedine Ounahi,MF,Morocco,22-243,2000,7,568,81,86.1,6.3,6,89,2,1,35,0,1.57,4,3,+1,+0.16,+0.16,5.4,6.7,-1.4,-0.22,-0.78
Aïssa Laïdouni,MF,Tunisia,26-005,1996,3,243,81,90.0,2.7,3,81,1,0,,0,1.33,1,1,0,0.00,0.00,1.8,2.6,-0.8,-0.28,-1.17
Baba Rahman,DF,Ghana,28-169,1994,3,183,61,67.8,2.0,2,90,2,1,3,0,1.00,2,5,-3,-1.48,-2.51,2.5,4.1,-1.6,-0.79,-0.96
Badr Banoun,DF,Morocco,29-079,1993,3,54,18,8.2,0.6,0,,0,3,18,4,1.33,0,0,0,0.00,-0.15,1.0,1.0,0.0,0.00,+0.12
Bailey Wright,DF,Australia,30-143,1992,1,17,17,4.7,0.2,0,,0,1,17,3,3.00,0,0,0,0.00,+0.52,0.0,0.2,-0.2,-0.87,+0.37
Bamba Dieng,FW,Senegal,22-270,2000,4,100,25,27.8,1.1,0,,0,4,25,0,1.50,1,4,-3,-2.70,-3.05,1.2,1.1,0.0,+0.04,-0.30
Bartosz Bereszyński,DF,Poland,30-159,1992,4,341,85,94.7,3.8,4,85,3,0,,0,1.00,3,5,-2,-0.53,-0.53,4.5,6.6,-2.0,-0.54,+2.77
Bassam Al-Rawi,DF,Qatar,25-002,1997,1,90,90,33.3,1.0,1,90,1,0,,0,0.00,0,2,-2,-2.00,0.00,0.3,1.2,-0.9,-0.86,-0.23
Bechir Ben Saïd,GK,Tunisia,30-019,1992,0,,,,,0,,0,0,,3,,,,,,,,,,,
Ben Cabango,DF,Wales,22-202,2000,0,,,,,0,,0,0,,3,,,,,,,,,,,
Ben Davies,DF,Wales,29-238,1993,3,238,79,88.1,2.6,3,79,2,0,,0,0.33,1,5,-4,-1.51,+1.30,2.5,3.4,-0.9,-0.34,+2.41
Ben White,DF,England,25-071,1997,0,,,,,0,,0,0,,2,,,,,,,,,,,
Benjamin Pavard,DF,France,26-265,1996,1,88,88,13.3,1.0,1,88,0,0,,6,3.00,4,1,+3,+3.07,+2.28,3.7,0.5,+3.2,+3.24,+3.15
Bernardo Silva,MF,Portugal,28-130,1994,5,356,71,79.1,4.0,4,87,2,1,9,0,1.80,10,4,+6,+1.52,+1.52,6.4,5.0,+1.4,+0.36,+0.54
Bilal El Khannous,MF,Morocco,18-222,2004,1,55,55,8.3,0.6,1,55,0,0,,6,0.00,1,2,-1,-1.64,-1.93,0.8,0.4,+0.4,+0.68,+0.86
Bilel Ifa,DF,Tunisia,32-284,1990,0,,,,,0,,0,0,,3,,,,,,,,,,,
Borna Barišić,DF,Croatia,30-038,1992,1,120,120,17.4,1.3,1,120,1,0,,6,1.00,1,1,0,0.00,-0.16,1.4,1.2,+0.2,+0.24,+0.88
Borna Sosa,DF,Croatia,24-331,1998,5,424,85,61.4,4.7,5,85,3,0,,1,1.20,4,4,0,0.00,-0.34,4.5,7.7,-3.2,-0.69,-0.42
Boualem Khoukhi,DF,Qatar,32-162,1990,3,270,90,100.0,3.0,3,90,3,0,,0,0.00,1,7,-6,-2.00,,1.4,3.5,-2.1,-0.71,
Boulaye Dia,FW,Senegal,26-032,1996,4,318,80,88.3,3.5,4,80,1,0,,0,1.50,5,5,0,0.00,+4.29,3.8,3.0,+0.8,+0.22,-0.30
Brandon Aguilera,MF,Costa Rica,19-173,2003,3,90,30,33.3,1.0,1,45,0,2,23,0,1.00,1,4,-3,-3.00,-0.50,0.3,2.5,-2.2,-2.21,+1.04
Breel Embolo,FW,Switzerland,25-307,1997,4,323,81,89.7,3.6,4,81,0,0,,0,1.50,5,7,-2,-0.56,+4.31,5.4,4.8,+0.6,+0.16,+0.79
Brenden Aaronson,MF,United States,22-057,2000,4,108,27,30.0,1.2,0,,0,4,27,0,1.25,1,2,-1,-0.83,-0.83,0.9,2.7,-1.8,-1.51,-2.05
Brennan Johnson,FW,Wales,21-209,2001,3,91,30,33.7,1.0,0,,0,3,30,0,0.33,1,5,-4,-3.96,-3.45,1.4,2.3,-0.9,-0.89,-0.40
Bruno Fernandes,FW,Portugal,28-101,1994,4,356,89,79.1,4.0,4,89,3,0,,1,2.25,10,4,+6,+1.52,+1.52,6.5,4.8,+1.6,+0.41,+0.76
Bruno Guimarães,MF,Brazil,25-032,1997,2,69,35,14.4,0.8,0,,0,2,35,3,1.50,1,1,0,0.00,-1.09,1.8,0.3,+1.5,+1.92,+0.07
Bruno Petković,FW,Croatia,28-093,1994,6,234,39,33.9,2.6,1,61,0,5,35,1,1.50,4,3,+1,+0.38,+0.38,3.2,4.9,-1.7,-0.76,-0.33
Bryan Mbeumo,FW,Cameroon,23-133,1999,3,233,78,86.3,2.6,3,78,1,0,,0,1.33,3,4,-1,-0.39,-2.82,3.1,4.2,-1.0,-0.42,+2.07
Bryan Oviedo,DF,Costa Rica,32-303,1990,3,260,87,96.3,2.9,3,87,1,0,,0,1.00,3,9,-6,-2.08,+15.92,1.4,9.0,-7.5,-2.61,+7.77
Bryan Ruiz,MF,Costa Rica,37-122,1985,1,30,30,11.1,0.3,0,,0,1,30,2,0.00,0,3,-3,-9.00,-7.13,0.0,0.9,-0.9,-2.57,+0.37
Bukayo Saka,FW,England,21-104,2001,4,288,72,64.0,3.2,4,72,0,0,,1,1.75,8,3,+5,+1.56,-0.66,3.9,2.4,+1.5,+0.46,-1.31
Callum Wilson,FW,England,30-294,1992,2,48,24,10.7,0.5,0,,0,2,24,3,3.00,2,1,+1,+1.87,+0.08,1.9,1.2,+0.7,+1.28,+0.40
Cameron Carter-Vickers,DF,United States,24-352,1997,1,90,90,25.0,1.0,1,90,1,0,,3,3.00,1,0,+1,+1.00,+1.67,1.2,0.4,+0.7,+0.75,+1.10
Cameron Devlin,MF,Australia,24-194,1998,0,,,,,0,,0,0,,4,,,,,,,,,,,
Carlos Gruezo,MF,Ecuador,27-243,1995,1,45,45,16.7,0.5,1,45,0,0,,2,0.00,0,1,-1,-2.00,-2.80,0.1,1.6,-1.5,-2.97,-4.03
Carlos Martínez,DF,Costa Rica,23-263,1999,1,45,45,16.7,0.5,1,45,0,0,,2,0.00,0,3,-3,-6.00,-4.00,0.0,2.5,-2.5,-4.95,-2.46
Carlos Soler,MF,Spain,25-350,1997,2,92,46,23.6,1.0,0,,0,2,46,2,2.00,3,0,+3,+2.93,+2.03,1.6,0.5,+1.1,+1.61,+1.16
Casemiro,MF,Brazil,30-298,1992,4,390,98,81.3,4.3,4,98,4,0,,1,2.50,8,2,+6,+1.38,+2.38,9.5,1.6,+7.9,+1.98,+0.49
Celso Borges,MF,Costa Rica,34-205,1988,3,249,83,92.2,2.8,3,83,1,0,,0,1.00,3,8,-5,-1.81,+11.05,1.4,9.4,-7.9,-2.86,+0.44
Charles De Ketelaere,FW,Belgium,21-283,2001,1,16,16,5.9,0.2,0,,0,1,16,2,0.00,0,1,-1,-5.63,-5.63,0.0,0.4,-0.4,-2.40,-2.60
Charly Rodríguez,MF,Mexico,25-349,1997,2,34,17,12.6,0.4,0,,0,2,17,1,2.00,0,1,-1,-2.65,-2.65,0.5,0.8,-0.3,-0.79,-1.25
Cheikhou Kouyaté,MF,Senegal,32-362,1989,1,72,72,20.0,0.8,1,72,0,0,,0,0.00,0,0,0,0.00,+0.62,0.5,0.3,+0.2,+0.19,-0.08
Cho Guesung,FW,Korea Republic,24-327,1998,4,275,69,76.4,3.1,3,86,1,1,17,0,1.00,5,8,-3,-0.98,-0.98,4.0,6.4,-2.4,-0.79,-0.70
Cho Hyun-woo,GK,Korea Republic,31-084,1991,0,,,,,0,,0,0,,4,,,,,,,,,,,
Cho Yumin,FW,Korea Republic,26-031,1996,1,1,1,0.3,0.0,0,,0,1,1,3,3.00,0,0,0,0.00,+0.75,0.0,0.0,0.0,0.00,+0.63
Chris Gunter,DF,Wales,33-150,1989,0,,,,,0,,0,0,,3,,,,,,,,,,,
Chris Mepham,DF,Wales,25-043,1997,3,270,90,100.0,3.0,3,90,3,0,,0,0.33,1,6,-5,-1.67,,2.7,4.6,-1.9,-0.63,
Christian Bassogog,MF,Cameroon,27-061,1995,1,24,24,8.9,0.3,0,,0,1,24,2,1.00,0,0,0,0.00,0.00,0.1,0.4,-0.3,-1.27,-0.54
Christian Eriksen,MF,Denmark,30-307,1992,3,270,90,100.0,3.0,3,90,3,0,,0,0.33,1,3,-2,-0.67,,2.7,3.9,-1.2,-0.39,
Christian Fassnacht,FW,Switzerland,29-037,1993,1,8,8,2.2,0.1,0,,0,1,8,3,3.00,0,0,0,0.00,+1.02,0.2,0.1,+0.1,+1.33,+1.28
Christian Günter,DF,Germany,29-293,1993,0,,,,,0,,0,0,,3,,,,,,,,,,,
Christian Nørgaard,MF,Denmark,28-283,1994,1,6,6,2.2,0.1,0,,0,1,6,2,0.00,0,1,-1,-15.00,-14.66,0.0,0.7,-0.7,-10.09,-9.91
Christian Pulisic,FW,United States,24-091,1998,4,315,79,87.5,3.5,4,79,3,0,,0,1.25,3,4,-1,-0.29,-0.29,3.7,3.9,-0.2,-0.05,+0.15
Christopher Wooh,DF,Cameroon,21-091,2001,1,90,90,33.3,1.0,1,90,1,0,,2,3.00,1,0,+1,+1.00,+1.50,0.5,2.5,-2.0,-1.99,-1.80
Cody Gakpo,FW,Netherlands,23-225,1999,5,450,90,93.8,5.0,5,90,0,0,,0,2.20,9,4,+5,+1.00,-2.00,4.4,5.5,-1.1,-0.22,+0.94
Collins Fai,DF,Cameroon,30-127,1992,3,270,90,100.0,3.0,3,90,3,0,,0,1.33,4,4,0,0.00,,3.4,5.8,-2.3,-0.78,
Connor Roberts,DF,Wales,27-086,1995,3,200,67,74.1,2.2,2,73,1,1,54,0,0.33,1,4,-3,-1.35,+1.22,2.5,3.4,-0.9,-0.41,+0.86
Conor Coady,DF,England,29-296,1993,0,,,,,0,,0,0,,5,,,,,,,,,,,
Conor Gallagher,MF,England,22-315,2000,0,,,,,0,,0,0,,5,,,,,,,,,,,
Craig Goodwin,MF,Australia,31-002,1991,4,234,59,65.0,2.6,3,67,0,1,33,0,1.50,3,4,-1,-0.38,+0.33,1.8,5.6,-3.8,-1.46,-0.65
Cristian Roldan,FW,United States,27-198,1995,0,,,,,0,,0,0,,4,,,,,,,,,,,
Cristian Romero,DF,Argentina,24-235,1998,7,547,78,79.3,6.1,6,88,4,1,22,0,2.00,14,6,+8,+1.32,+1.95,13.4,3.9,+9.5,+1.65,+1.09
Cristiano Ronaldo,FW,Portugal,37-316,1985,5,290,58,64.4,3.2,3,77,0,2,29,0,1.80,6,2,+4,+1.24,+0.12,4.2,3.2,+1.0,+0.30,+0.14
Cyle Larin,FW,Canada,27-245,1995,3,137,46,50.7,1.5,2,52,0,1,33,0,0.00,2,4,-2,-1.31,+0.72,1.1,1.7,-0.6,-0.39,-1.02
César Azpilicueta,DF,Spain,33-112,1989,2,135,68,34.6,1.5,2,68,1,0,,2,1.50,8,0,+8,+5.33,+6.04,4.3,0.1,+4.1,+2.77,+3.27
César Montes,DF,Mexico,25-297,1997,3,270,90,100.0,3.0,3,90,3,0,,0,1.33,2,3,-1,-0.33,,3.3,2.4,+0.9,+0.30,
Daichi Kamada,FW,Japan,26-135,1996,4,322,81,82.6,3.6,4,81,2,0,,0,1.75,5,4,+1,+0.28,+0.28,4.5,4.9,-0.4,-0.12,+0.18
Daizen Maeda,FW,Japan,25-059,1997,3,180,60,46.2,2.0,3,60,0,0,,1,2.33,3,3,0,0.00,-0.43,2.3,3.3,-1.0,-0.52,-0.68
Daley Blind,DF,Netherlands,32-284,1990,5,423,85,88.1,4.7,5,85,4,0,,0,2.20,8,3,+5,+1.06,-0.52,4.2,4.8,-0.7,-0.14,+1.11
Damian Szymański,MF,Poland,27-185,1995,1,29,29,8.1,0.3,0,,0,1,29,3,0.00,0,1,-1,-3.10,-2.83,0.0,1.1,-1.1,-3.40,-2.95
Dani Alves,DF,Brazil,39-226,1983,2,118,59,24.6,1.3,1,90,1,1,28,3,1.50,0,2,-2,-1.53,-3.27,2.7,0.7,+2.1,+1.58,-0.37
Dani Carvajal,DF,Spain,30-341,1992,2,135,68,34.6,1.5,1,90,1,1,45,2,0.50,1,3,-2,-1.33,-4.16,0.9,2.6,-1.7,-1.12,-2.68
Dani Olmo,FW,Spain,24-225,1998,4,367,92,94.1,4.1,4,92,3,0,,0,1.25,9,3,+6,+1.47,+1.47,5.8,3.1,+2.7,+0.67,+0.60
Daniel Afriyie Barnieh,FW,Ghana,21-175,2001,0,,,,,0,,0,0,,3,,,,,,,,,,,
Daniel Amartey,DF,Ghana,27-362,1994,3,251,84,93.0,2.8,3,84,2,0,,0,1.00,5,7,-2,-0.72,-0.72,4.1,5.6,-1.4,-0.48,
Daniel Chacón,MF,Costa Rica,21-251,2001,1,1,1,0.4,0.0,0,,0,1,1,2,3.00,0,0,0,0.00,+2.68,0.0,0.0,0.0,0.00,+2.91
Daniel James,FW,Wales,25-038,1997,3,154,51,57.0,1.7,2,61,0,1,33,0,0.33,0,6,-6,-3.51,-4.28,0.6,2.8,-2.2,-1.29,-1.55
Daniel Kyereh,MF,Ghana,26-285,1996,3,33,11,12.2,0.4,0,,0,3,11,0,1.00,0,0,0,0.00,+0.76,0.6,0.6,0.0,+0.02,+0.57
Daniel Schmidt,GK,Japan,30-318,1992,0,,,,,0,,0,0,,4,,,,,,,,,,,
Daniel Wass,DF,Denmark,33-201,1989,0,,,,,0,,0,0,,3,,,,,,,,,,,
Danilo,DF,Brazil,31-156,1991,3,281,94,58.5,3.1,3,94,2,0,,0,2.33,7,1,+6,+1.92,+2.37,8.2,1.2,+7.0,+2.52,+1.39
Danilo Pereira,DF,Portugal,31-100,1991,1,90,90,20.0,1.0,1,90,1,0,,0,3.00,3,2,+1,+1.00,-0.25,2.0,0.9,+1.1,+1.07,+1.03
Danlad Ibrahim,GK,Ghana,20-016,2002,0,,,,,0,,0,0,,3,,,,,,,,,,,
Danny Vukovic,GK,Australia,37-266,1985,0,,,,,0,,0,0,,4,,,,,,,,,,,
Danny Ward,GK,Wales,29-179,1993,2,94,47,34.8,1.0,1,90,1,1,4,1,0.00,0,5,-5,-4.79,-4.79,0.4,2.9,-2.5,-2.35,-2.65
Darko Lazović,DF,Serbia,32-094,1990,1,25,25,9.3,0.3,0,,0,1,25,2,0.00,0,1,-1,-3.60,-2.87,0.2,0.5,-0.3,-1.18,+0.15
Darwin Núñez,FW,Uruguay,23-177,1999,3,240,80,88.9,2.7,3,80,1,0,,0,1.33,2,1,+1,+0.37,+3.37,3.0,2.0,+1.1,+0.40,+3.17
David Raum,DF,Germany,24-240,1998,3,242,81,89.6,2.7,3,81,1,0,,0,1.33,3,4,-1,-0.37,-6.80,6.6,2.9,+3.7,+1.39,-8.01
David Raya,FW,Spain,27-094,1995,0,,,,,0,,0,0,,4,,,,,,,,,,,
David Wotherspoon,MF,Canada,32-336,1990,1,15,15,5.6,0.2,0,,0,1,15,2,0.00,0,0,0,0.00,+1.76,0.0,0.0,0.0,0.00,-0.12
Davy Klaassen,MF,Netherlands,29-300,1993,4,190,48,39.6,2.1,3,59,0,1,12,1,2.50,7,1,+6,+2.84,+2.84,2.4,2.4,0.0,-0.01,+0.43
Dayne St. Clair,GK,Canada,25-223,1997,0,,,,,0,,0,0,,3,,,,,,,,,,,
Dayot Upamecano,DF,France,24-052,1998,5,480,96,72.7,5.3,5,96,5,0,,2,2.60,14,7,+7,+1.31,+0.81,10.9,8.6,+2.3,+0.46,-0.15
DeAndre Yedlin,DF,United States,29-162,1993,2,33,17,9.2,0.4,0,,0,2,17,2,0.50,1,2,-1,-2.73,-2.73,0.5,1.6,-1.1,-3.03,-3.25
Declan Rice,MF,England,23-338,1999,5,417,83,92.7,4.6,5,83,4,0,,0,2.00,12,4,+8,+1.73,-1.00,7.5,3.8,+3.6,+0.79,-1.88
Dejan Lovren,DF,Croatia,33-166,1989,6,600,100,87.0,6.7,6,100,6,0,,1,1.17,6,6,0,0.00,-1.00,6.4,9.9,-3.5,-0.58,-0.26
Denis Odoi,DF,Ghana,34-205,1988,1,13,13,4.8,0.1,0,,0,1,13,2,3.00,0,0,0,0.00,+0.70,0.0,0.4,-0.4,-2.64,-2.27
Denis Zakaria,MF,Switzerland,26-028,1996,2,59,30,16.4,0.7,0,,0,2,30,2,1.50,1,3,-2,-3.05,-2.45,1.1,0.9,+0.3,+0.44,+0.43
Denzel Dumfries,DF,Netherlands,26-244,1996,5,479,96,99.8,5.3,5,96,4,0,,0,2.20,10,4,+6,+1.13,+1.13,4.6,6.1,-1.5,-0.29,-0.29
Derek Cornelius,DF,Canada,25-023,1997,0,,,,,0,,0,0,,3,,,,,,,,,,,
Devis Epassy,GK,Cameroon,29-319,1993,2,180,90,66.7,2.0,2,90,2,0,,1,2.00,4,3,+1,+0.50,+1.50,2.7,4.3,-1.6,-0.82,-0.12
Diego Godín,DF,Uruguay,36-305,1986,2,151,76,55.9,1.7,2,76,1,0,,1,0.50,0,1,-1,-0.60,-1.35,1.3,1.0,+0.4,+0.23,+0.40
Diego Palacios,DF,Ecuador,23-159,1999,0,,,,,0,,0,0,,3,,,,,,,,,,,
Diogo Costa,GK,Portugal,23-090,1999,5,450,90,100.0,5.0,5,90,5,0,,0,1.80,12,6,+6,+1.20,,7.8,6.5,+1.3,+0.25,
Diogo Dalot,DF,Portugal,23-275,1999,3,258,86,57.3,2.9,3,86,2,0,,2,1.00,7,4,+3,+1.05,-0.36,4.2,3.8,+0.5,+0.16,-0.21
Djibril Sow,MF,Switzerland,25-315,1997,4,264,66,73.3,2.9,4,66,0,0,,0,1.50,4,5,-1,-0.34,+2.47,4.3,4.1,+0.1,+0.04,-0.14
Djorkaeff Reasco,FW,Ecuador,23-334,1999,1,27,27,10.0,0.3,0,,0,1,27,2,0.00,1,1,0,0.00,-0.37,0.7,0.6,+0.1,+0.49,+0.11
Domagoj Vida,DF,Croatia,33-233,1989,0,,,,,0,,0,0,,6,,,,,,,,,,,
Dominik Livaković,GK,Croatia,27-343,1995,7,690,99,100.0,7.7,7,99,7,0,,0,1.43,8,7,+1,+0.13,,7.0,11.0,-4.0,-0.58,-0.58
Douglas López,MF,Costa Rica,24-088,1998,0,,,,,0,,0,0,,3,,,,,,,,,,,
Dries Mertens,MF,Belgium,35-226,1987,2,76,38,28.1,0.8,1,45,0,1,31,1,0.50,0,2,-2,-2.37,-2.83,1.0,1.6,-0.6,-0.75,-1.12
Dušan Tadić,MF,Serbia,34-028,1988,3,257,86,95.2,2.9,3,86,2,0,,0,0.33,5,8,-3,-1.05,-1.05,3.3,7.0,-3.8,-1.32,-0.16
Dušan Vlahović,FW,Serbia,22-324,2000,2,79,40,29.3,0.9,1,54,0,1,25,1,0.00,2,4,-2,-2.28,-1.81,1.2,2.1,-0.9,-0.98,+0.47
Dylan Bronn,DF,Tunisia,27-182,1995,2,162,81,60.0,1.8,2,81,1,0,,1,0.50,0,1,-1,-0.56,-1.39,1.4,2.0,-0.6,-0.32,-0.38
Dylan Levitt,MF,Wales,22-031,2000,0,,,,,0,,0,0,,3,,,,,,,,,,,
Eden Hazard,MF,Belgium,31-345,1991,3,124,41,45.9,1.4,2,60,0,1,4,0,1.33,1,0,+1,+0.73,+1.96,1.7,2.2,-0.5,-0.36,-0.77
Ederson,GK,Brazil,29-123,1993,1,90,90,18.8,1.0,1,90,1,0,,4,0.00,0,1,-1,-1.00,-2.38,2.5,0.5,+2.0,+1.99,+0.16
Edimilson Fernandes,FW,Switzerland,26-247,1996,3,145,48,40.3,1.6,1,90,1,2,28,1,1.00,1,7,-6,-3.72,-4.56,1.6,2.9,-1.3,-0.80,-1.47
Edinson Cavani,FW,Uruguay,35-307,1987,3,124,41,45.9,1.4,1,72,0,2,26,0,1.33,0,1,-1,-0.73,-1.34,1.3,1.1,+0.2,+0.15,+0.19
Edouard Mendy,GK,Senegal,30-292,1992,4,360,90,100.0,4.0,4,90,4,0,,0,1.50,5,7,-2,-0.50,,4.6,3.5,+1.0,+0.26,
Edson Álvarez,MF,Mexico,25-055,1997,2,175,88,64.8,1.9,2,88,1,0,,1,2.00,2,0,+2,+1.03,+3.87,2.9,1.4,+1.4,+0.74,+1.25
Eduardo Camavinga,DF,France,20-038,2002,2,140,70,21.2,1.6,1,90,1,1,50,5,0.50,3,2,+1,+0.64,-0.57,2.9,2.1,+0.8,+0.67,+0.20
Ehsan Hajsafi,MF,IR Iran,32-296,1990,3,237,79,87.8,2.6,3,79,1,0,,0,1.00,2,7,-5,-1.90,-7.35,2.5,3.8,-1.3,-0.49,-1.46
Eiji Kawashima,GK,Japan,39-273,1983,0,,,,,0,,0,0,,4,,,,,,,,,,,
Elisha Owusu,MF,Ghana,25-041,1997,0,,,,,0,,0,0,,3,,,,,,,,,,,
Ellyes Skhiri,MF,Tunisia,27-222,1995,3,270,90,100.0,3.0,3,90,3,0,,0,1.33,1,1,0,0.00,,2.3,2.8,-0.5,-0.17,
Emiliano Martínez,GK,Argentina,30-107,1992,7,690,99,100.0,7.7,7,99,7,0,,0,2.00,15,8,+7,+0.91,,15.2,4.6,+10.6,+1.51,+1.51
Enner Valencia,FW,Ecuador,33-044,1989,3,255,85,94.4,2.8,3,85,1,0,,0,1.33,4,3,+1,+0.35,+0.35,3.6,2.5,+1.1,+0.38,-0.20
Enzo Ebosse,DF,Cameroon,23-282,1999,1,90,90,33.3,1.0,1,90,1,0,,2,3.00,1,0,+1,+1.00,+1.50,0.5,2.5,-2.0,-1.99,-1.80
Enzo Fernández,MF,Argentina,21-335,2001,7,564,81,81.7,6.3,5,100,4,2,33,0,2.00,14,6,+8,+1.28,+1.99,13.5,4.2,+9.3,+1.66,+1.06
Eray Cömert,DF,Switzerland,24-317,1998,2,46,23,12.8,0.5,0,,0,2,23,2,1.50,1,4,-3,-5.87,-5.58,1.0,1.3,-0.2,-0.46,-0.61
Eric Dier,DF,England,28-337,1994,2,36,18,8.0,0.4,0,,0,2,18,3,3.00,2,1,+1,+2.50,+0.76,1.3,1.2,0.0,+0.09,-0.91
Eric García,DF,Spain,21-343,2001,0,,,,,0,,0,0,,4,,,,,,,,,,,
Eric Maxim Choupo-Moting,FW,Cameroon,33-270,1989,3,253,84,93.7,2.8,3,84,2,0,,0,1.33,4,4,0,0.00,0.00,3.4,5.5,-2.1,-0.75,+0.50
Erick Gutiérrez,MF,Mexico,27-186,1995,1,49,49,18.1,0.5,0,,0,1,49,2,0.00,0,2,-2,-3.67,-4.08,0.1,0.2,-0.2,-0.29,-0.72
Esteban Alvarado,GK,Costa Rica,33-234,1989,0,,,,,0,,0,0,,3,,,,,,,,,,,
Ethan Ampadu,MF,Wales,22-095,2000,3,255,85,94.4,2.8,3,85,1,0,,0,0.33,1,4,-3,-1.06,+10.94,2.5,4.1,-1.6,-0.57,+1.00
Ethan Horvath,GK,United States,27-192,1995,0,,,,,0,,0,0,,4,,,,,,,,,,,
Everton Ribeiro,MF,Brazil,33-252,1989,1,36,36,7.5,0.4,0,,0,1,36,4,0.00,0,1,-1,-2.50,-3.72,1.3,0.2,+1.1,+2.77,+0.98
Exequiel Palacios,MF,Argentina,24-074,1998,3,50,17,7.2,0.6,0,,0,3,17,4,3.00,1,0,+1,+1.80,+0.96,1.2,0.6,+0.6,+1.05,-0.36
Fabian Frei,MF,Switzerland,33-344,1989,2,25,13,6.9,0.3,0,,0,2,13,2,1.50,0,0,0,0.00,+1.07,0.2,0.3,0.0,-0.13,-0.22
Fabian Rieder,FW,Switzerland,20-305,2002,2,68,34,18.9,0.8,1,58,0,1,10,2,1.50,0,0,0,0.00,+1.23,0.4,0.5,-0.1,-0.16,-0.29
Fabian Schär,DF,Switzerland,30-363,1991,2,135,68,37.5,1.5,2,68,1,0,,2,1.50,3,4,-1,-0.67,+0.53,3.1,2.3,+0.8,+0.51,+0.68
Fabinho,MF,Brazil,29-056,1993,1,90,90,18.8,1.0,1,90,1,0,,4,0.00,0,1,-1,-1.00,-2.38,2.5,0.5,+2.0,+1.99,+0.16
Facundo Pellistri,MF,Uruguay,20-363,2001,3,181,60,67.0,2.0,2,76,0,1,29,0,1.33,2,1,+1,+0.50,+1.51,2.7,2.5,+0.2,+0.09,+0.13
Facundo Torres,FW,Uruguay,22-249,2000,0,,,,,0,,0,0,,3,,,,,,,,,,,
Famara Diedhiou,FW,Senegal,30-003,1992,2,92,46,25.6,1.0,1,73,0,1,19,2,1.50,2,0,+2,+1.96,+3.30,0.8,0.9,-0.1,-0.13,-0.52
Federico Valverde,MF,Uruguay,24-149,1998,3,270,90,100.0,3.0,3,90,3,0,,0,1.33,2,2,0,0.00,,3.7,3.5,+0.1,+0.05,
Ferjani Sassi,MF,Tunisia,30-275,1992,2,48,24,17.8,0.5,0,,0,2,24,1,0.50,0,0,0,0.00,0.00,0.6,0.3,+0.3,+0.51,+0.82
Fernando Muslera,GK,Uruguay,36-185,1986,0,,,,,0,,0,0,,3,,,,,,,,,,,
Ferrán Torres,FW,Spain,22-292,2000,4,217,54,55.6,2.4,3,61,0,1,34,0,1.25,4,0,+4,+1.66,+0.62,3.4,0.6,+2.7,+1.13,+1.12
Filip Kostić,DF,Serbia,30-047,1992,2,179,90,66.3,2.0,2,90,1,0,,1,0.50,5,6,-1,-0.50,+1.48,3.2,4.9,-1.7,-0.86,+1.36
Filip Mladenović,DF,Serbia,31-125,1991,1,65,65,24.1,0.7,1,65,0,0,,2,0.00,0,1,-1,-1.38,-0.51,0.0,1.9,-1.9,-2.64,-1.75
Filip Đuričić,MF,Serbia,30-322,1992,2,14,7,5.2,0.2,0,,0,2,7,1,0.50,0,0,0,0.00,+1.05,0.1,0.3,-0.2,-1.12,+0.21
Firas Al-Buraikan,MF,Saudi Arabia,22-218,2000,3,268,89,99.3,3.0,3,89,2,0,,0,1.00,3,5,-2,-0.67,-0.67,3.0,5.9,-3.0,-0.99,+2.19
Fodé Ballo-Touré,DF,Senegal,25-349,1997,1,7,7,1.9,0.1,0,,0,1,7,1,0.00,0,0,0,0.00,+0.51,0.1,0.2,-0.1,-1.09,-1.37
Formose Mendy,DF,Senegal,21-350,2001,0,,,,,0,,0,0,,4,,,,,,,,,,,
Fran Karačić,DF,Australia,26-220,1996,2,93,47,25.8,1.0,1,74,0,1,19,2,1.50,2,0,+2,+1.94,+3.28,1.1,1.6,-0.4,-0.41,+1.10
Francisco Calvo,DF,Costa Rica,30-163,1992,2,180,90,66.7,2.0,2,90,2,0,,0,1.50,1,7,-6,-3.00,-1.00,0.1,4.4,-4.3,-2.15,+2.25
Franco Armani,GK,Argentina,36-063,1986,0,,,,,0,,0,0,,7,,,,,,,,,,,
Fred,MF,Brazil,29-288,1993,4,142,36,29.6,1.6,2,56,0,2,16,1,1.75,0,1,-1,-0.63,-2.23,2.1,0.6,+1.5,+1.05,-1.10
Frederik Rønnow,GK,Denmark,30-136,1992,0,,,,,0,,0,0,,3,,,,,,,,,,,
Frenkie de Jong,MF,Netherlands,25-220,1997,5,475,95,99.0,5.3,5,95,4,0,,0,2.20,10,4,+6,+1.14,+1.14,4.6,6.0,-1.5,-0.30,-0.31
Félix Torres Caicedo,DF,Ecuador,25-341,1997,3,270,90,100.0,3.0,3,90,3,0,,0,1.33,4,3,+1,+0.33,,3.7,2.6,+1.2,+0.39,
Gabriel Jesus,FW,Brazil,25-259,1997,3,93,31,19.4,1.0,1,63,0,2,15,0,2.00,1,0,+1,+0.97,+0.04,1.8,0.3,+1.5,+1.49,-0.46
Gaku Shibasaki,MF,Japan,30-204,1992,0,,,,,0,,0,0,,4,,,,,,,,,,,
Garang Kuol,FW,Australia,18-094,2004,2,37,19,10.3,0.4,0,,0,2,19,2,0.00,1,0,+1,+2.43,+3.27,0.5,1.3,-0.7,-1.81,-0.65
Gareth Bale,FW,Wales,33-155,1989,3,225,75,83.3,2.5,3,75,2,0,,0,0.33,1,3,-2,-0.80,+5.20,2.5,3.1,-0.6,-0.24,+2.34
Gavi,MF,Spain,18-135,2004,4,284,71,72.8,3.2,4,71,1,0,,0,1.25,9,2,+7,+2.22,+3.07,5.1,1.6,+3.5,+1.11,+1.76
Gaël Ondoua,MF,Cameroon,27-044,1995,2,47,24,17.4,0.5,0,,0,2,24,1,0.50,0,0,0,0.00,0.00,0.1,0.6,-0.6,-1.10,-0.39
Georges-Kévin N'Koudou,FW,Cameroon,27-308,1995,2,27,14,10.0,0.3,0,,0,2,14,1,0.50,0,0,0,0.00,0.00,0.1,0.4,-0.3,-1.06,-0.31
Gerardo Arteaga,DF,Mexico,24-102,1998,0,,,,,0,,0,0,,3,,,,,,,,,,,
Germán Pezzella,DF,Argentina,31-174,1991,3,60,20,8.7,0.7,0,,0,3,20,4,1.67,0,3,-3,-4.50,-5.93,1.2,1.5,-0.4,-1.30,-2.78
Gerson Torres,MF,Costa Rica,25-112,1997,1,64,64,23.7,0.7,1,64,0,0,,2,3.00,0,0,0,0.00,+3.50,0.0,0.5,-0.4,-0.61,+2.99
Gerónimo Rulli,GK,Argentina,30-212,1992,0,,,,,0,,0,0,,7,,,,,,,,,,,
Ghaylène Chaalali,MF,Tunisia,28-293,1994,1,17,17,6.3,0.2,0,,0,1,17,2,3.00,0,0,0,0.00,0.00,0.0,0.6,-0.6,-3.19,-3.22
Gideon Mensah,DF,Ghana,24-153,1998,1,87,87,32.2,1.0,1,87,0,0,,2,3.00,3,2,+1,+1.03,+2.51,1.6,1.5,+0.2,+0.17,+0.96
Gio Reyna,FW,United States,20-035,2002,2,53,27,14.7,0.6,0,,0,2,27,2,0.50,1,1,0,0.00,+0.29,1.0,1.5,-0.5,-0.90,-0.96
Giorgian De Arrascaeta,MF,Uruguay,28-200,1994,2,108,54,40.0,1.2,1,79,0,1,29,1,1.50,2,1,+1,+0.83,+1.39,2.2,2.0,+0.2,+0.13,+0.13
Gleison Bremer,DF,Brazil,25-275,1997,2,109,55,22.7,1.2,1,90,1,1,19,3,1.50,0,2,-2,-1.65,-3.35,2.7,0.6,+2.2,+1.78,-0.11
Gonzalo Montiel,DF,Argentina,25-351,1997,4,118,30,17.1,1.3,1,62,0,3,19,2,2.00,1,1,0,0.00,-1.10,2.9,1.9,+1.0,+1.19,-0.21
Gonzalo Plata,MF,Ecuador,22-047,2000,3,269,90,99.6,3.0,3,90,2,0,,0,1.33,4,3,+1,+0.33,+0.33,3.7,2.6,+1.1,+0.37,-5.44
Gonçalo Ramos,FW,Portugal,21-181,2001,4,152,38,33.8,1.7,2,70,0,2,6,1,2.25,6,3,+3,+1.78,+0.87,3.7,2.4,+1.3,+0.76,+0.76
Granit Xhaka,MF,Switzerland,30-082,1992,4,360,90,100.0,4.0,4,90,4,0,,0,1.50,5,9,-4,-1.00,,5.6,5.3,+0.3,+0.08,
Gregor Kobel,GK,Switzerland,25-012,1997,1,90,90,25.0,1.0,1,90,1,0,,3,3.00,3,2,+1,+1.00,+2.67,2.7,1.3,+1.4,+1.37,+1.73
Grzegorz Krychowiak,MF,Poland,32-323,1990,4,332,83,92.2,3.7,4,83,2,0,,0,1.00,2,3,-1,-0.27,+2.94,3.5,6.5,-3.0,-0.81,-1.62
Guido Rodríguez,MF,Argentina,28-250,1994,1,56,56,8.1,0.6,1,56,0,0,,6,3.00,0,0,0,0.00,-0.99,0.2,0.3,-0.1,-0.16,-1.67
Guillermo Ochoa,GK,Mexico,37-158,1985,3,270,90,100.0,3.0,3,90,3,0,,0,1.33,2,3,-1,-0.33,,3.3,2.4,+0.9,+0.30,
Guillermo Varela,DF,Uruguay,29-269,1993,3,183,61,67.8,2.0,2,90,2,1,3,0,1.33,2,2,0,0.00,0.00,3.1,3.0,+0.2,+0.08,+0.08
Haji Wright,FW,United States,24-266,1998,4,137,34,38.1,1.5,1,82,0,3,18,0,1.25,1,2,-1,-0.66,-0.66,1.4,2.8,-1.4,-0.94,-1.40
Hakim Ziyech,FW,Morocco,29-274,1993,7,635,91,96.2,7.1,7,91,5,0,,0,1.57,6,5,+1,+0.14,+0.14,6.0,7.2,-1.1,-0.17,-0.72
Hannibal Mejbri,MF,Tunisia,19-331,2003,1,11,11,4.1,0.1,0,,0,1,11,2,1.00,0,0,0,0.00,0.00,0.0,0.2,-0.2,-1.46,-1.35
Hans Vanaken,MF,Belgium,30-116,1992,0,,,,,0,,0,0,,3,,,,,,,,,,,
Haris Seferović,FW,Switzerland,30-299,1992,3,71,24,19.7,0.8,0,,0,3,24,1,1.00,1,4,-3,-3.80,-3.49,1.1,1.0,+0.1,+0.06,-0.02
Harry Kane,FW,England,29-143,1993,5,402,80,89.3,4.5,5,80,3,0,,0,2.00,11,3,+8,+1.79,-0.08,6.8,2.8,+3.9,+0.88,-0.40
Harry Maguire,DF,England,29-288,1993,5,429,86,95.3,4.8,5,86,4,0,,0,2.00,11,3,+8,+1.68,-2.61,7.6,3.0,+4.5,+0.95,+0.64
Harry Souttar,DF,Australia,24-057,1998,4,360,90,100.0,4.0,4,90,4,0,,0,1.50,4,6,-2,-0.50,,2.3,7.2,-4.9,-1.23,
Harry Wilson,MF,Wales,25-271,1997,3,160,53,59.3,1.8,2,73,0,1,14,0,0.33,1,1,0,0.00,+4.09,2.3,2.4,-0.2,-0.09,+1.31
Hassan Al Tambakti,DF,Saudi Arabia,23-312,1999,2,180,90,66.7,2.0,2,90,2,0,,1,1.50,3,3,0,0.00,+2.00,1.3,4.5,-3.2,-1.60,-1.76
Hassan Al-Haydos,MF,Qatar,32-007,1990,3,206,69,76.3,2.3,3,69,0,0,,0,0.00,0,6,-6,-2.62,-2.62,1.1,3.2,-2.1,-0.94,-0.96
Hattan Bahebri,MF,Saudi Arabia,30-155,1992,2,4,2,1.5,0.0,0,,0,2,2,1,0.00,1,0,+1,+22.50,+23.52,0.7,0.2,+0.5,+11.39,+12.59
Henry Martín,FW,Mexico,30-030,1992,2,146,73,54.1,1.6,2,73,0,0,,1,2.00,2,0,+2,+1.23,+3.41,2.5,1.3,+1.3,+0.77,+1.03
Hernán Galíndez,GK,Ecuador,35-263,1987,3,270,90,100.0,3.0,3,90,3,0,,0,1.33,4,3,+1,+0.33,,3.7,2.6,+1.2,+0.39,
Hidemasa Morita,MF,Japan,27-222,1995,3,285,95,73.1,3.2,3,95,2,0,,1,1.33,3,3,0,0.00,-0.86,3.5,2.4,+1.2,+0.37,+1.94
Hiroki Ito,DF,Japan,23-220,1999,1,45,45,11.5,0.5,0,,0,1,45,3,0.00,0,1,-1,-2.00,-2.52,0.8,0.1,+0.8,+1.55,+1.93
Hiroki Sakai,MF,Japan,32-250,1990,2,119,60,30.5,1.3,1,73,0,1,46,2,2.00,0,1,-1,-0.76,-1.42,1.2,3.0,-1.8,-1.87,-2.22
Hirving Lozano,FW,Mexico,27-141,1995,3,252,84,93.3,2.8,3,84,2,0,,0,1.33,2,2,0,0.00,+5.00,3.3,2.3,+0.9,+0.34,+0.55
Homam Ahmed,DF,Qatar,23-115,1999,3,262,87,97.0,2.9,3,87,2,0,,0,0.00,1,6,-5,-1.72,+9.53,1.3,3.3,-2.1,-0.72,-0.22
Hong Chul,DF,Korea Republic,32-092,1990,1,45,45,12.5,0.5,0,,0,1,45,3,0.00,1,0,+1,+2.00,+3.14,0.3,0.8,-0.5,-1.06,-0.49
Hossein Hosseini,GK,IR Iran,30-171,1992,2,161,81,59.6,1.8,1,90,1,1,71,1,1.50,4,6,-2,-1.12,-0.29,2.8,2.9,-0.1,-0.05,+0.66
Hossein Kanaanizadegan,DF,IR Iran,28-270,1994,1,45,45,16.7,0.5,0,,0,1,45,1,0.00,2,4,-2,-4.00,-3.60,1.2,1.3,-0.1,-0.17,+0.18
Hugo Guillamón,DF,Spain,22-321,2000,0,,,,,0,,0,0,,4,,,,,,,,,,,
Hugo Lloris,GK,France,35-357,1986,6,570,95,86.4,6.3,6,95,6,0,,1,2.67,16,7,+9,+1.42,+2.42,13.0,9.6,+3.4,+0.57,+0.34
Hwang Hee-chan,MF,Korea Republic,26-326,1996,2,115,58,31.9,1.3,1,90,1,1,25,2,1.50,2,4,-2,-1.57,-1.20,1.4,3.7,-2.3,-1.78,-1.70
Hwang In-beom,MF,Korea Republic,26-089,1996,4,334,84,92.8,3.7,4,84,3,0,,0,1.00,4,8,-4,-1.08,-4.54,4.4,6.8,-2.4,-0.66,-0.36
Hwang Ui-jo,FW,Korea Republic,30-112,1992,4,106,27,29.4,1.2,1,73,0,3,11,0,1.00,1,0,+1,+0.85,+2.27,1.7,0.7,+0.9,+0.78,+2.00
Héctor Herrera,MF,Mexico,32-243,1990,2,160,80,59.3,1.8,2,80,1,0,,1,0.50,0,2,-2,-1.13,-1.94,0.9,1.2,-0.2,-0.14,-1.07
Héctor Moreno,DF,Mexico,34-335,1988,3,270,90,100.0,3.0,3,90,3,0,,0,1.33,2,3,-1,-0.33,,3.3,2.4,+0.9,+0.30,
Ibrahima Konaté,DF,France,23-207,1999,5,294,59,44.5,3.3,3,90,3,2,12,2,2.00,8,2,+6,+1.84,+1.34,9.0,2.3,+6.6,+2.09,+2.79
Idrissa Gana Gueye,MF,Senegal,33-083,1989,3,270,90,75.0,3.0,3,90,3,0,,0,2.00,5,4,+1,+0.33,+3.33,3.8,2.5,+1.3,+0.43,+0.67
Ike Ugbo,FW,Canada,24-088,1998,0,,,,,0,,0,0,,3,,,,,,,,,,,
Ilias Chair,MF,Morocco,25-049,1997,1,45,45,6.8,0.5,0,,0,1,45,6,0.00,0,0,0,0.00,-0.15,0.4,0.3,+0.1,+0.16,+0.29
Iliman Ndiaye,FW,Senegal,22-287,2000,3,135,45,37.5,1.5,2,60,0,1,16,1,2.00,3,4,-1,-0.67,-0.27,2.7,1.6,+1.1,+0.75,+0.79
Ismail Jakobs,DF,Senegal,23-123,1999,4,278,70,77.2,3.1,3,83,1,1,29,0,1.50,4,6,-2,-0.65,-0.65,3.9,2.7,+1.2,+0.38,+0.52
Ismail Mohamad,FW,Qatar,32-257,1990,2,174,87,64.4,1.9,2,87,1,0,,1,0.00,1,5,-4,-2.07,-0.19,,,,,
Ismaila Sarr,FW,Senegal,24-296,1998,4,344,86,95.6,3.8,4,86,3,0,,0,1.50,4,6,-2,-0.52,-0.52,4.3,3.3,+1.0,+0.27,+0.30
Ismaël Koné,MF,Canada,20-195,2002,3,109,36,40.4,1.2,0,,0,3,36,0,0.00,0,2,-2,-1.65,+0.03,1.5,2.0,-0.5,-0.41,-0.87
Issam Jebali,FW,Tunisia,30-358,1991,3,182,61,67.4,2.0,2,76,0,1,31,0,1.33,0,1,-1,-0.49,-1.52,1.4,2.4,-1.0,-0.49,-1.00
Ivan Ilić,MF,Serbia,21-276,2001,1,34,34,12.6,0.4,0,,0,1,34,2,0.00,0,2,-2,-5.29,-4.91,0.2,1.4,-1.2,-3.18,-2.13
Ivan Perišić,FW,Croatia,33-319,1989,7,669,96,97.0,7.4,7,96,4,0,,0,1.43,7,7,0,0.00,-4.29,6.2,11.0,-4.8,-0.68,-2.07
Ivica Ivušić,GK,Croatia,27-320,1995,0,,,,,0,,0,0,,7,,,,,,,,,,,
Ivo Grbić,GK,Croatia,26-334,1996,0,,,,,0,,0,0,,7,,,,,,,,,,,
Iñaki Williams,FW,Ghana,28-186,1994,3,270,90,100.0,3.0,3,90,3,0,,0,1.00,5,7,-2,-0.67,,3.5,5.4,-1.8,-0.66,-2.61
Jack Grealish,FW,England,27-099,1995,5,86,17,19.1,1.0,0,,0,5,17,0,2.00,2,1,+1,+1.05,-0.93,2.5,1.4,+1.1,+1.16,+0.28
Jackson Irvine,MF,Australia,29-286,1993,4,354,89,98.3,3.9,4,89,3,0,,0,1.50,4,6,-2,-0.51,-0.51,2.3,6.9,-4.6,-1.17,+3.76
Jackson Porozo,DF,Ecuador,22-136,2000,2,96,48,35.6,1.1,1,90,1,1,6,1,0.50,1,1,0,0.00,-0.52,1.8,0.1,+1.6,+1.55,+1.79
Jakub Kamiński,MF,Poland,20-196,2002,4,233,58,64.7,2.6,2,80,1,2,37,0,1.00,1,3,-2,-0.77,-0.77,3.0,3.8,-0.8,-0.31,+1.07
Jakub Kiwior,DF,Poland,22-306,2000,4,355,89,98.6,3.9,4,89,3,0,,0,1.00,2,4,-2,-0.51,-0.51,3.6,7.3,-3.7,-0.93,-21.53
Jamal Musiala,MF,Germany,19-295,2003,3,258,86,95.6,2.9,3,86,2,0,,0,1.33,6,4,+2,+0.70,+8.20,9.5,3.3,+6.2,+2.17,-1.02
James Maddison,FW,England,26-025,1996,0,,,,,0,,0,0,,3,,,,,,,,,,,
James Pantemis,GK,Canada,25-300,1997,0,,,,,0,,0,0,,3,,,,,,,,,,,
Jamie Maclaren,FW,Australia,29-142,1993,3,55,18,15.3,0.6,0,,0,3,18,1,2.00,1,0,+1,+1.64,+2.52,0.6,1.6,-1.0,-1.55,-0.39
Jan Bednarek,DF,Poland,26-250,1996,1,5,5,1.4,0.1,0,,0,1,5,3,0.00,1,1,0,0.00,+0.51,1.0,0.0,+0.9,+20.60,+21.53
Jan Vertonghen,DF,Belgium,35-238,1987,3,270,90,100.0,3.0,3,90,3,0,,0,1.33,1,2,-1,-0.33,,4.7,4.6,+0.2,+0.05,
Jason Cummings,FW,Australia,27-139,1995,1,35,35,9.7,0.4,0,,0,1,35,3,0.00,0,2,-2,-5.14,-5.14,0.0,1.6,-1.6,-4.22,-3.31
Jassem Gaber,DF,Qatar,20-301,2002,0,,,,,0,,0,0,,3,,,,,,,,,,,
Jawad El Yamiq,DF,Morocco,30-292,1992,6,309,52,46.8,3.4,3,82,2,3,21,1,1.67,3,4,-1,-0.29,-0.80,4.1,4.0,+0.1,+0.04,+0.26
Jean-Charles Castelletto,DF,Cameroon,27-326,1995,2,180,90,66.7,2.0,2,90,2,0,,0,0.50,3,4,-1,-0.50,-1.50,3.0,3.3,-0.4,-0.18,+1.80
Jean-Pierre Nsame,FW,Cameroon,29-231,1993,0,,,,,0,,0,0,,3,,,,,,,,,,,
Jens Stryger Larsen,DF,Denmark,31-300,1991,0,,,,,0,,0,0,,3,,,,,,,,,,,
Jeong Woo-yeong,MF,Korea Republic,23-089,1999,1,45,45,12.5,0.5,1,45,0,0,,3,0.00,0,2,-2,-4.00,-3.71,0.4,1.2,-0.8,-1.66,-1.18
Jeremie Frimpong,DF,Netherlands,22-008,2000,0,,,,,0,,0,0,,5,,,,,,,,,,,
Jeremy Doku,MF,Belgium,20-205,2002,1,19,19,7.0,0.2,0,,0,1,19,2,1.00,0,0,0,0.00,+0.36,1.0,0.0,+1.0,+4.88,+5.19
Jeremy Sarmiento,MF,Ecuador,20-185,2002,3,85,28,31.5,0.9,0,,0,3,28,0,1.33,1,1,0,0.00,-0.49,0.9,0.6,+0.3,+0.32,-0.10
Jerome Ngom Mbekeli,MF,Cameroon,24-079,1998,1,5,5,1.9,0.1,0,,0,1,5,2,3.00,1,0,+1,+18.00,+18.34,0.1,1.0,-0.9,-15.50,-14.99
Jesper Lindstrøm,MF,Denmark,22-292,2000,3,200,67,74.1,2.2,2,87,1,1,26,0,0.33,1,2,-1,-0.45,+0.84,2.3,2.3,0.0,+0.02,+1.58
Jesús Ferreira,FW,United States,21-359,2000,1,45,45,12.5,0.5,1,45,0,0,,3,0.00,0,2,-2,-4.00,-4.29,0.5,0.4,+0.1,+0.16,+0.27
Jesús Gallardo,DF,Mexico,28-125,1994,3,270,90,100.0,3.0,3,90,3,0,,0,1.33,2,3,-1,-0.33,,3.3,2.4,+0.9,+0.30,
Jewison Bennette,MF,Costa Rica,18-186,2004,3,103,34,38.1,1.1,1,60,0,2,22,0,1.00,1,6,-5,-4.37,-2.75,0.1,5.8,-5.7,-4.97,-3.35
Jhegson Méndez,MF,Ecuador,25-236,1997,2,180,90,66.7,2.0,2,90,2,0,,0,2.00,3,1,+2,+1.00,+2.00,2.9,0.4,+2.4,+1.22,+2.48
Joachim Andersen,DF,Denmark,26-201,1996,3,270,90,100.0,3.0,3,90,3,0,,0,0.33,1,3,-2,-0.67,,2.7,3.9,-1.2,-0.39,
Joakim Mæhle,DF,Denmark,25-212,1997,3,249,83,92.2,2.8,3,83,2,0,,0,0.33,1,3,-2,-0.72,-0.72,2.5,3.8,-1.3,-0.49,-1.19
Joe Allen,MF,Wales,32-279,1990,2,94,47,34.8,1.0,1,80,0,1,14,1,0.00,0,5,-5,-4.79,-4.79,0.4,2.6,-2.2,-2.06,-2.20
Joe Morrell,MF,Wales,25-349,1997,2,33,17,12.2,0.4,0,,0,2,17,1,0.50,0,1,-1,-2.73,-1.21,0.2,1.2,-1.0,-2.66,-2.32
Joe Rodon,DF,Wales,25-057,1997,3,270,90,100.0,3.0,3,90,3,0,,0,0.33,1,6,-5,-1.67,,2.7,4.6,-1.9,-0.63,
Joe Scally,DF,United States,19-352,2002,0,,,,,0,,0,0,,4,,,,,,,,,,,
Joel Campbell,FW,Costa Rica,30-175,1992,3,269,90,99.6,3.0,3,90,2,0,,0,1.00,3,11,-8,-2.68,-2.68,1.4,10.1,-8.7,-2.91,-2.91
Joel King,DF,Australia,22-049,2000,0,,,,,0,,0,0,,4,,,,,,,,,,,
Joel Waterman,DF,Canada,26-328,1996,0,,,,,0,,0,0,,3,,,,,,,,,,,
Johan Venegas,FW,Costa Rica,34-021,1988,1,73,73,27.0,0.8,1,73,0,0,,2,0.00,2,2,0,0.00,+3.65,1.3,3.0,-1.7,-2.11,+1.08
Johan Vásquez,DF,Mexico,24-057,1998,0,,,,,0,,0,0,,3,,,,,,,,,,,
John Stones,DF,England,28-204,1994,5,434,87,96.4,4.8,5,87,3,0,,0,2.00,13,4,+9,+1.87,+1.87,8.4,3.8,+4.6,+0.95,+0.70
Jonas Hofmann,FW,Germany,30-157,1992,2,30,15,11.1,0.3,0,,0,2,15,1,0.50,0,2,-2,-6.00,-7.12,1.1,1.1,0.0,-0.06,-2.56
Jonas Omlin,GK,Switzerland,28-342,1994,0,,,,,0,,0,0,,4,,,,,,,,,,,
Jonas Wind,FW,Denmark,23-314,1999,0,,,,,0,,0,0,,3,,,,,,,,,,,
Jonathan David,FW,Canada,22-338,2000,3,192,64,71.1,2.1,2,81,1,1,31,0,0.00,1,4,-3,-1.41,+0.90,3.6,2.4,+1.2,+0.56,+1.54
Jonathan Osorio,MF,Canada,30-189,1992,3,119,40,44.1,1.3,1,64,0,2,28,0,0.00,1,4,-3,-2.27,-1.08,1.0,2.4,-1.4,-1.08,-2.13
Jonny Williams,FW,Wales,29-070,1993,0,,,,,0,,0,0,,3,,,,,,,,,,,
Jordan Ayew,FW,Ghana,31-098,1991,3,136,45,50.4,1.5,2,61,0,1,14,0,1.00,4,6,-2,-1.32,-1.32,3.0,3.3,-0.4,-0.26,+0.44
Jordan Henderson,MF,England,32-184,1990,4,271,68,60.2,3.0,3,83,1,1,22,1,1.75,7,2,+5,+1.66,-0.35,5.0,1.8,+3.1,+1.04,+0.29
Jordan Morris,FW,United States,28-053,1994,2,4,2,1.1,0.0,0,,0,2,2,2,0.50,0,0,0,0.00,+0.25,0.1,0.1,0.0,+0.18,+0.25
Jordan Pickford,GK,England,28-286,1994,5,450,90,100.0,5.0,5,90,5,0,,0,2.00,13,4,+9,+1.80,,8.7,4.0,+4.6,+0.92,
Jordan Veretout,MF,France,29-292,1993,1,62,62,9.4,0.7,1,62,0,0,,6,0.00,0,1,-1,-1.45,-2.81,0.2,0.5,-0.3,-0.44,-1.04
Jordi Alba,DF,Spain,33-272,1989,4,264,66,67.7,2.9,3,80,0,1,23,0,1.25,5,0,+5,+1.70,+0.99,4.3,1.7,+2.5,+0.86,+0.70
Jorge Eduardo Sánchez,DF,Mexico,25-008,1997,2,175,88,64.8,1.9,2,88,1,0,,1,2.00,2,0,+2,+1.03,+3.87,2.9,1.4,+1.4,+0.74,+1.25
Joseph Aidoo,DF,Ghana,27-080,1995,0,,,,,0,,0,0,,3,,,,,,,,,,,
Josh Sargent,FW,United States,22-301,2000,3,157,52,43.6,1.7,2,75,0,1,8,1,1.67,2,0,+2,+1.15,+2.48,1.7,1.1,+0.6,+0.36,+0.77
Joshua Kimmich,MF,Germany,27-313,1995,3,270,90,100.0,3.0,3,90,3,0,,0,1.33,6,5,+1,+0.33,,10.1,3.4,+6.7,+2.22,
Josip Juranović,DF,Croatia,27-124,1995,6,600,100,87.0,6.7,6,100,6,0,,1,1.17,6,6,0,0.00,-1.00,6.4,9.9,-3.5,-0.58,-0.26
Josip Stanišić,DF,Croatia,22-260,2000,1,90,90,13.0,1.0,1,90,1,0,,5,3.00,2,1,+1,+1.00,+1.00,0.7,1.2,-0.5,-0.53,-0.01
Josip Šutalo,DF,Croatia,22-293,2000,1,90,90,13.0,1.0,1,90,1,0,,6,3.00,2,1,+1,+1.00,+1.00,0.7,1.2,-0.5,-0.53,-0.01
José Cifuentes,MF,Ecuador,23-281,1999,2,59,30,21.9,0.7,0,,0,2,30,1,1.50,1,1,0,0.00,-0.43,0.8,0.6,+0.3,+0.39,-0.01
José Luis Rodríguez Bebanz,DF,Uruguay,25-279,1997,0,,,,,0,,0,0,,3,,,,,,,,,,,
José María Giménez,DF,Uruguay,27-332,1995,3,270,90,100.0,3.0,3,90,3,0,,0,1.33,2,2,0,0.00,,3.7,3.5,+0.1,+0.05,
José Sá,GK,Portugal,29-335,1993,0,,,,,0,,0,0,,5,,,,,,,,,,,
João Cancelo,DF,Portugal,28-205,1994,4,310,78,68.9,3.4,3,90,3,1,40,1,1.50,6,4,+2,+0.58,-1.99,5.3,4.5,+0.8,+0.22,-0.11
João Félix,FW,Portugal,23-038,1999,4,331,83,73.6,3.7,4,83,1,0,,1,2.25,9,3,+6,+1.63,+1.63,5.4,4.2,+1.1,+0.31,+0.21
João Mário,FW,Portugal,29-333,1993,2,84,42,18.7,0.9,1,81,0,1,3,3,1.50,1,2,-1,-1.07,-2.79,1.3,1.5,-0.2,-0.23,-0.59
João Palhinha,MF,Portugal,27-162,1995,3,38,13,8.4,0.4,0,,0,3,13,2,2.00,1,2,-1,-2.37,-3.90,1.1,1.4,-0.2,-0.57,-0.90
Joško Gvardiol,DF,Croatia,20-329,2002,7,690,99,100.0,7.7,7,99,7,0,,0,1.43,8,7,+1,+0.13,,7.0,11.0,-4.0,-0.58,-0.58
Juan Foyth,DF,Argentina,24-340,1998,1,5,5,0.7,0.1,0,,0,1,5,6,3.00,0,0,0,0.00,-0.92,0.0,0.1,-0.1,-1.78,-3.18
Juan Pablo Vargas,DF,Costa Rica,27-195,1995,1,90,90,33.3,1.0,1,90,1,0,,2,0.00,2,4,-2,-2.00,+1.00,1.3,5.7,-4.4,-4.40,-2.25
Jude Bellingham,MF,England,19-172,2003,5,414,83,92.0,4.6,5,83,3,0,,0,2.00,13,4,+9,+1.96,+1.96,8.2,3.8,+4.4,+0.96,+0.45
Jules Koundé,DF,France,24-036,1998,6,480,80,72.7,5.3,5,96,3,1,2,1,2.67,12,5,+7,+1.31,+0.81,9.0,7.8,+1.2,+0.22,-1.06
Julian Brandt,FW,Germany,26-230,1996,0,,,,,0,,0,0,,3,,,,,,,,,,,
Julián Álvarez,FW,Argentina,22-321,2000,7,464,66,67.2,5.2,5,81,0,2,30,0,2.00,13,2,+11,+2.13,+3.73,10.5,2.0,+8.5,+1.66,+0.85
Jung Woo-young,MF,Korea Republic,33-004,1989,4,303,76,84.2,3.4,4,76,2,0,,0,1.00,4,8,-4,-1.19,-2.77,3.9,6.3,-2.4,-0.70,-0.47
Junior Hoilett,FW,Canada,32-196,1990,3,161,54,59.6,1.8,2,66,0,1,29,0,0.00,1,5,-4,-2.24,-1.41,3.5,2.5,+1.0,+0.57,+1.13
Junya Ito,MF,Japan,29-284,1993,4,324,81,83.1,3.6,3,100,3,1,24,0,1.75,5,4,+1,+0.28,+0.28,4.5,5.6,-1.1,-0.34,-0.75
Jurriën Timber,DF,Netherlands,21-184,2001,4,390,98,81.3,4.3,4,98,4,0,,1,2.00,8,4,+4,+0.92,-1.08,3.9,5.2,-1.2,-0.31,-0.15
Justin Bijlow,GK,Netherlands,24-330,1998,0,,,,,0,,0,0,,5,,,,,,,,,,,
Kai Havertz,FW,Germany,23-190,1999,2,102,51,37.8,1.1,1,78,0,1,24,1,1.50,4,2,+2,+1.76,+2.30,6.0,1.9,+4.1,+3.59,+2.22
Kalidou Koulibaly,DF,Senegal,31-181,1991,4,360,90,100.0,4.0,4,90,4,0,,0,1.50,5,7,-2,-0.50,,4.6,3.5,+1.0,+0.26,
Kalvin Phillips,MF,England,27-016,1995,2,42,21,9.3,0.5,0,,0,2,21,3,3.00,1,0,+1,+2.14,+0.38,1.4,0.4,+0.9,+2.01,+1.20
Kamal Miller,DF,Canada,25-216,1997,3,270,90,100.0,3.0,3,90,3,0,,0,0.00,2,7,-5,-1.67,,4.2,3.9,+0.3,+0.11,
Kamal Sowah,FW,Ghana,22-343,2000,0,,,,,0,,0,0,,3,,,,,,,,,,,
Kamaldeen Sulemana,FW,Ghana,20-306,2002,2,58,29,21.5,0.6,0,,0,2,29,1,1.50,0,0,0,0.00,+0.85,0.7,0.8,-0.1,-0.10,+0.48
Kamil Glik,DF,Poland,34-318,1988,4,360,90,100.0,4.0,4,90,4,0,,0,1.00,3,5,-2,-0.50,,4.5,7.3,-2.7,-0.69,
Kamil Grabara,GK,Poland,23-344,1999,0,,,,,0,,0,0,,4,,,,,,,,,,,
Kamil Grosicki,MF,Poland,34-193,1988,1,4,4,1.1,0.0,0,,0,1,4,3,0.00,1,1,0,0.00,+0.51,1.0,0.0,+0.9,+20.60,+21.53
Kaoru Mitoma,MF,Japan,25-212,1997,4,165,41,42.3,1.8,0,,0,4,41,0,1.75,4,1,+3,+1.64,+2.44,3.4,2.3,+1.1,+0.71,+1.32
Karim Adeyemi,FW,Germany,20-334,2002,0,,,,,0,,0,0,,3,,,,,,,,,,,
Karim Ansarifard,FW,IR Iran,32-259,1990,2,35,18,13.0,0.4,0,,0,2,18,1,1.50,2,0,+2,+5.14,+7.06,0.9,0.4,+0.5,+1.22,+1.77
Karim Boudiaf,MF,Qatar,32-093,1990,3,185,62,68.5,2.1,2,79,1,1,27,0,0.00,0,4,-4,-1.95,+0.17,1.1,1.7,-0.6,-0.30,+1.31
Karl Toko Ekambi,FW,Cameroon,30-095,1992,3,166,55,61.5,1.8,2,70,0,1,27,0,1.33,4,4,0,0.00,0.00,3.1,3.9,-0.8,-0.42,+0.95
Karol Świderski,FW,Poland,25-329,1997,1,45,45,12.5,0.5,1,45,0,0,,3,0.00,0,0,0,0.00,+0.57,0.2,1.8,-1.6,-3.10,-2.76
Kasper Dolberg,FW,Denmark,25-073,1997,3,114,38,42.2,1.3,1,64,0,2,25,0,0.33,0,2,-2,-1.58,-1.58,0.8,2.1,-1.3,-1.04,-1.11
Kasper Schmeichel,GK,Denmark,36-043,1986,3,270,90,100.0,3.0,3,90,3,0,,0,0.33,1,3,-2,-0.67,,2.7,3.9,-1.2,-0.39,
Keanu Baccus,MF,Australia,24-194,1998,4,114,29,31.7,1.3,1,57,0,3,19,0,1.50,1,2,-1,-0.79,-0.42,0.5,1.6,-1.1,-0.89,+0.50
Kellyn Acosta,MF,United States,27-147,1995,2,43,22,11.9,0.5,0,,0,2,22,2,2.00,0,1,-1,-2.09,-2.09,0.4,1.1,-0.7,-1.57,-1.69
Kendall Waston,DF,Costa Rica,34-351,1988,3,225,75,83.3,2.5,2,90,2,1,45,0,1.00,3,8,-5,-2.00,+4.00,1.4,7.7,-6.2,-2.49,+2.46
Kenneth Taylor,MF,Netherlands,20-216,2002,1,5,5,1.0,0.1,0,,0,1,5,4,3.00,0,0,0,0.00,-1.14,0.0,0.0,0.0,+0.09,+0.36
Kevin De Bruyne,FW,Belgium,31-173,1991,3,270,90,100.0,3.0,3,90,3,0,,0,1.33,1,2,-1,-0.33,,4.7,4.6,+0.2,+0.05,
Kevin Rodríguez,FW,Ecuador,22-289,2000,2,2,1,0.7,0.0,0,,0,2,1,1,2.00,0,0,0,0.00,-0.34,,,,,
Kevin Trapp,GK,Germany,32-163,1990,0,,,,,0,,0,0,,3,,,,,,,,,,,
Kevin Álvarez,DF,Mexico,23-337,1999,2,70,35,25.9,0.8,1,65,0,1,5,1,1.50,0,2,-2,-2.57,-3.02,0.4,0.8,-0.4,-0.53,-1.12
Keylor Navas,GK,Costa Rica,36-003,1986,3,270,90,100.0,3.0,3,90,3,0,,0,1.00,3,11,-8,-2.67,,1.4,10.1,-8.7,-2.90,
Keysher Fuller,DF,Costa Rica,28-160,1994,3,253,84,93.7,2.8,3,84,2,0,,0,1.00,3,9,-6,-2.13,+8.45,1.4,7.4,-6.0,-2.14,+12.11
Khalid Muneer,FW,Qatar,24-297,1998,0,,,,,0,,0,0,,3,,,,,,,,,,,
Kieffer Moore,FW,Wales,30-132,1992,3,225,75,83.3,2.5,2,90,2,1,45,0,0.33,1,5,-4,-1.60,+0.40,2.6,3.9,-1.4,-0.55,+0.44
Kieran Trippier,DF,England,32-090,1990,3,206,69,45.8,2.3,2,90,2,1,26,2,2.33,7,2,+5,+2.18,+0.71,4.1,2.2,+1.9,+0.82,-0.20
Kim Jin-su,DF,Korea Republic,30-188,1992,4,315,79,87.5,3.5,4,79,3,0,,0,1.00,4,8,-4,-1.14,-3.14,4.3,6.3,-2.0,-0.57,+0.49
Kim Min-jae,DF,Korea Republic,26-033,1996,3,269,90,74.7,3.0,3,90,2,0,,1,0.33,3,7,-4,-1.34,-2.33,2.8,5.8,-3.0,-1.02,-1.53
Kim Moonhwan,DF,Korea Republic,27-139,1995,4,360,90,100.0,4.0,4,90,4,0,,0,1.00,5,8,-3,-0.75,,4.6,7.1,-2.5,-0.63,
Kim Seung-gyu,GK,Korea Republic,32-079,1990,4,360,90,100.0,4.0,4,90,4,0,,0,1.00,5,8,-3,-0.75,,4.6,7.1,-2.5,-0.63,
Kim Tae-hwan,DF,Korea Republic,33-147,1989,0,,,,,0,,0,0,,4,,,,,,,,,,,
Kim Young-gwon,DF,Korea Republic,32-294,1990,4,350,88,97.2,3.9,4,88,3,0,,0,1.00,4,8,-4,-1.03,-10.03,3.9,7.1,-3.2,-0.81,-6.52
Kingsley Coman,FW,France,26-188,1996,6,169,28,25.6,1.9,1,62,0,5,21,1,2.17,5,3,+2,+1.07,-0.03,3.8,4.0,-0.3,-0.16,-0.85
Ko Itakura,DF,Japan,25-325,1997,3,270,90,69.2,3.0,3,90,3,0,,0,2.00,4,3,+1,+0.33,+0.33,3.8,4.2,-0.4,-0.14,+0.04
Koen Casteels,GK,Belgium,30-176,1992,0,,,,,0,,0,0,,3,,,,,,,,,,,
Koke,MF,Spain,30-344,1992,2,52,26,13.3,0.6,0,,0,2,26,2,2.00,3,1,+2,+3.46,+2.40,0.8,1.0,-0.2,-0.33,-1.11
Kristijan Jakić,FW,Croatia,25-218,1997,1,1,1,0.1,0.0,0,,0,1,1,6,3.00,0,0,0,0.00,-0.13,0.0,0.0,0.0,-4.49,-3.97
Krystian Bielik,MF,Poland,24-348,1998,4,216,54,60.0,2.4,2,76,1,2,33,0,1.00,3,3,0,0.00,+1.25,3.8,4.8,-1.0,-0.41,+0.69
Krzysztof Piątek,FW,Poland,27-170,1995,2,28,14,7.8,0.3,0,,0,2,14,2,1.50,1,0,+1,+3.21,+4.03,0.8,0.6,+0.2,+0.56,+1.35
Krépin Diatta,FW,Senegal,23-296,1999,3,181,60,50.3,2.0,3,60,0,0,,1,1.00,2,2,0,0.00,+1.01,1.4,1.3,+0.1,+0.05,-0.41
Kudus Mohammed,FW,Ghana,22-138,2000,3,247,82,91.5,2.7,3,82,0,0,,0,1.00,4,5,-1,-0.36,+3.55,3.6,4.6,-0.9,-0.33,+1.68
Kwon Chang-hoon,FW,Korea Republic,28-171,1994,1,56,56,15.6,0.6,1,56,0,0,,3,0.00,0,2,-2,-3.21,-2.92,0.5,1.3,-0.8,-1.25,-0.73
Kwon Kyung-won,DF,Korea Republic,30-321,1992,2,91,46,25.3,1.0,1,90,1,1,1,2,1.50,2,1,+1,+0.99,+2.33,1.8,1.3,+0.5,+0.51,+1.53
Kye Rowles,DF,Australia,24-177,1998,4,360,90,100.0,4.0,4,90,4,0,,0,1.50,4,6,-2,-0.50,,2.3,7.2,-4.9,-1.23,
Kyle Walker,DF,England,32-204,1990,3,236,79,52.4,2.6,3,79,2,0,,2,2.00,6,2,+4,+1.53,-0.58,4.6,1.9,+2.8,+1.05,+0.27
Kylian Mbappé,FW,France,23-363,1998,7,598,85,90.6,6.6,6,95,6,1,28,0,2.29,16,7,+9,+1.35,+2.81,13.6,9.6,+4.0,+0.64,+0.93
Lautaro Martínez,FW,Argentina,25-118,1997,6,241,40,34.9,2.7,2,76,1,4,22,1,1.83,2,6,-4,-1.49,-3.70,5.6,2.4,+3.1,+1.45,+0.11
Lawrence Ati-Zigi,GK,Ghana,26-019,1996,3,270,90,100.0,3.0,3,90,3,0,,0,1.00,5,7,-2,-0.67,,4.1,5.6,-1.4,-0.48,
Leander Dendoncker,DF,Belgium,27-247,1995,2,161,81,59.6,1.8,2,81,1,0,,1,2.00,1,0,+1,+0.56,+2.21,2.7,3.1,-0.3,-0.19,-0.61
Leandro Paredes,MF,Argentina,28-172,1994,5,225,45,32.6,2.5,2,60,0,3,35,2,1.60,6,5,+1,+0.40,-0.76,6.6,1.9,+4.7,+2.42,+1.40
Leandro Trossard,FW,Belgium,28-014,1994,3,103,34,38.1,1.1,1,58,0,2,23,0,1.33,0,1,-1,-0.87,-0.87,1.4,1.4,0.0,-0.01,-0.10
Lee Jae-sung,MF,Korea Republic,30-130,1992,3,211,70,58.6,2.3,3,70,0,0,,1,1.33,1,5,-4,-1.71,-2.31,1.7,4.9,-3.2,-1.36,-1.77
Lee Kangin,MF,Korea Republic,21-302,2001,4,147,37,40.8,1.6,1,80,0,3,22,0,1.00,4,2,+2,+1.22,+3.34,2.5,2.1,+0.4,+0.26,+1.51
Leon Goretzka,MF,Germany,27-315,1995,3,159,53,58.9,1.8,2,68,1,1,24,0,1.33,2,3,-1,-0.57,-2.19,3.8,2.0,+1.7,+0.98,-3.01
Leroy Sané,FW,Germany,26-341,1996,2,111,56,41.1,1.2,1,90,1,1,21,1,2.00,5,2,+3,+2.43,+3.56,6.7,1.3,+5.4,+4.38,+3.67
Liam Fraser,MF,Canada,24-308,1998,0,,,,,0,,0,0,,3,,,,,,,,,,,
Liam Millar,DF,Canada,23-082,1999,1,10,10,3.7,0.1,0,,0,1,10,2,0.00,0,0,0,0.00,+1.73,0.1,0.2,-0.1,-0.77,-0.91
Lionel Messi,FW,Argentina,35-177,1987,7,690,99,100.0,7.7,7,99,7,0,,0,2.00,15,8,+7,+0.91,,15.2,4.6,+10.6,+1.51,+1.51
Lisandro Martínez,DF,Argentina,24-334,1998,5,303,61,43.9,3.4,2,101,1,3,34,2,2.00,6,3,+3,+0.89,-0.04,5.1,1.5,+3.6,+1.06,-0.57
Lovro Majer,MF,Croatia,24-335,1998,7,130,19,18.8,1.4,1,65,0,6,11,0,1.43,4,1,+3,+2.08,+2.40,1.5,1.5,0.0,+0.03,+0.65
Loïs Openda,FW,Belgium,22-305,2000,1,13,13,4.8,0.1,0,,0,1,13,2,3.00,0,0,0,0.00,+0.35,0.2,0.2,0.0,-0.07,-0.13
Luca de la Torre,MF,United States,24-209,1998,0,,,,,0,,0,0,,4,,,,,,,,,,,
Lucas Cavallini,FW,Canada,29-355,1992,1,19,19,7.0,0.2,0,,0,1,19,2,0.00,0,1,-1,-4.74,-3.30,0.1,1.0,-0.9,-4.26,-4.71
Lucas Hernández,DF,France,26-307,1996,1,12,12,1.8,0.1,1,12,0,0,,0,3.00,0,1,-1,-7.50,-8.75,0.0,0.3,-0.3,-2.15,-2.70
Lucas Paquetá,MF,Brazil,25-113,1997,4,314,79,65.4,3.5,4,79,1,0,,1,2.50,7,1,+6,+1.72,+2.26,8.6,1.1,+7.5,+2.14,+0.81
Lucas Torreira,MF,Uruguay,26-310,1996,0,,,,,0,,0,0,,3,,,,,,,,,,,
Luis Chávez,MF,Mexico,26-337,1996,3,270,90,100.0,3.0,3,90,3,0,,0,1.33,2,3,-1,-0.33,,3.3,2.4,+0.9,+0.30,
Luis Romo,DF,Mexico,27-196,1995,0,,,,,0,,0,0,,3,,,,,,,,,,,
Luis Suárez,FW,Uruguay,35-328,1987,3,146,49,54.1,1.6,2,64,0,1,18,0,1.33,2,1,+1,+0.62,+1.34,2.4,2.5,-0.1,-0.04,-0.19
Luka Jović,FW,Serbia,24-360,1997,1,36,36,13.3,0.4,0,,0,1,36,1,0.50,3,3,0,0.00,+1.15,0.2,1.1,-0.8,-2.10,-0.90
Luka Modrić,MF,Croatia,37-100,1985,7,653,93,94.6,7.3,7,93,4,0,,0,1.43,7,7,0,0.00,-2.43,6.0,10.6,-4.6,-0.67,-1.45
Luka Sučić,MF,Croatia,20-101,2002,0,,,,,0,,0,0,,7,,,,,,,,,,,
Lukas Klostermann,DF,Germany,26-198,1996,2,66,33,24.4,0.7,0,,0,2,33,1,2.00,4,2,+2,+2.73,+3.17,5.4,1.1,+4.3,+5.85,+4.81
Luke Shaw,DF,England,27-159,1995,5,424,85,94.2,4.7,5,85,4,0,,0,2.00,12,4,+8,+1.70,-1.76,7.5,3.8,+3.6,+0.77,-2.61
Luuk de Jong,FW,Netherlands,32-113,1990,1,57,57,11.9,0.6,0,,0,1,57,4,1.00,2,1,+1,+1.58,+0.52,0.4,1.2,-0.8,-2.64,-2.51
Majid Hosseini,DF,IR Iran,26-181,1996,3,270,90,100.0,3.0,3,90,3,0,,0,1.00,4,7,-3,-1.00,,3.2,4.2,-0.9,-0.32,
Mamadou Loum,MF,Senegal,25-353,1996,0,,,,,0,,0,0,,4,,,,,,,,,,,
Manaf Nurudeen,GK,Ghana,23-313,1999,0,,,,,0,,0,0,,3,,,,,,,,,,,
Manuel Akanji,DF,Switzerland,27-152,1995,4,360,90,100.0,4.0,4,90,4,0,,0,1.50,5,9,-4,-1.00,,5.6,5.3,+0.3,+0.08,
Manuel Neuer,GK,Germany,36-266,1986,3,270,90,100.0,3.0,3,90,3,0,,0,1.33,6,5,+1,+0.33,,10.1,3.4,+6.7,+2.22,
Manuel Ugarte Ribeiro,MF,Uruguay,21-251,2001,0,,,,,0,,0,0,,3,,,,,,,,,,,
Marc-André ter Stegen,GK,Germany,30-232,1992,0,,,,,0,,0,0,,3,,,,,,,,,,,
Marcelo Brozović,MF,Croatia,30-032,1992,6,552,92,80.0,6.1,6,92,4,0,,1,1.17,5,5,0,0.00,-0.65,5.9,8.9,-3.0,-0.52,+0.02
Marco Asensio,FW,Spain,26-331,1996,4,229,57,58.7,2.5,3,65,0,1,34,0,1.25,5,0,+5,+1.97,+1.41,3.9,0.8,+3.1,+1.21,+1.40
Marco Tilio,MF,Australia,21-117,2001,0,,,,,0,,0,0,,4,,,,,,,,,,,
Marcos Acuña,DF,Argentina,31-051,1991,6,373,62,54.1,4.1,4,74,1,2,39,0,1.83,8,3,+5,+1.21,+0.64,6.6,3.0,+3.7,+0.96,-0.84
Marcos Llorente,DF,Spain,27-322,1995,1,120,120,30.8,1.3,1,120,1,0,,3,1.00,0,0,0,0.00,-2.00,1.0,0.7,+0.3,+0.26,-0.48
Marcus Rashford,FW,England,25-048,1997,5,140,28,31.1,1.6,1,74,0,4,17,0,2.00,5,1,+4,+2.57,+1.12,3.1,1.5,+1.6,+1.02,+0.14
Marcus Thuram,FW,France,25-134,1997,5,151,30,22.9,1.7,0,,0,5,30,2,2.60,6,3,+3,+1.79,+0.90,4.7,3.9,+0.7,+0.55,+0.05
Mario Götze,MF,Germany,30-198,1992,2,36,18,13.3,0.4,0,,0,2,18,1,1.50,3,2,+1,+2.50,+2.50,3.9,0.6,+3.3,+8.37,+7.10
Mario Pašalić,FW,Croatia,27-312,1995,7,271,39,39.3,3.0,2,58,0,5,31,0,1.43,1,2,-1,-0.33,-0.76,2.2,4.2,-2.0,-0.75,-0.35
Mark Harris,FW,Wales,23-354,1998,0,,,,,0,,0,0,,3,,,,,,,,,,,
Mark-Anthony Kaye,MF,Canada,28-016,1994,1,59,59,21.9,0.7,1,59,0,0,,2,0.00,1,2,-1,-1.53,+0.18,0.6,0.5,0.0,+0.07,-0.05
Marko Dmitrović,GK,Serbia,30-328,1992,0,,,,,0,,0,0,,3,,,,,,,,,,,
Marko Grujić,MF,Serbia,26-249,1996,1,13,13,4.8,0.1,0,,0,1,13,2,1.00,0,0,0,0.00,+1.05,0.1,0.1,+0.1,+0.62,+2.03
Marko Livaja,FW,Croatia,29-114,1993,6,241,40,34.9,2.7,3,62,0,3,18,1,1.50,4,2,+2,+0.75,+0.95,2.4,3.3,-0.9,-0.36,+0.25
Marou Souaibou,FW,Cameroon,22-015,2000,0,,,,,0,,0,0,,3,,,,,,,,,,,
Marquinhos,DF,Brazil,28-218,1994,5,426,85,88.8,4.7,4,98,4,1,36,0,2.00,8,3,+5,+1.06,+1.06,10.8,1.8,+9.0,+2.05,+1.09
Marten de Roon,MF,Netherlands,31-264,1991,5,184,37,38.3,2.0,3,57,0,2,7,0,2.20,5,1,+4,+1.96,+1.35,2.3,1.3,+1.0,+0.50,+1.26
Martin Braithwaite,FW,Denmark,31-196,1991,2,103,52,38.1,1.1,1,58,0,1,45,1,0.00,1,2,-1,-0.87,-0.33,0.9,1.8,-0.9,-0.79,-0.64
Martin Erlic,DF,Croatia,24-328,1998,0,,,,,0,,0,0,,7,,,,,,,,,,,
Martin Hongla,MF,Cameroon,24-277,1998,2,121,61,44.8,1.3,2,61,0,0,,0,0.50,1,4,-3,-2.23,-4.04,1.9,2.6,-0.7,-0.51,+0.50
Martinelli,FW,Brazil,21-183,2001,3,113,38,23.5,1.3,1,90,1,2,12,2,2.00,0,2,-2,-1.59,-3.31,2.7,0.6,+2.2,+1.71,-0.19
Martín Cáceres,DF,Uruguay,35-255,1987,1,90,90,33.3,1.0,1,90,1,0,,2,1.00,0,0,0,0.00,0.00,0.6,0.6,0.0,-0.05,-0.14
Mason Mount,MF,England,23-342,1999,4,186,47,41.3,2.1,2,80,1,2,13,1,1.75,4,1,+3,+1.45,-0.59,2.9,1.2,+1.7,+0.80,-0.21
Mateo Kovačić,MF,Croatia,28-226,1994,7,635,91,92.0,7.1,7,91,2,0,,0,1.43,6,7,-1,-0.14,-3.41,6.0,10.6,-4.6,-0.66,-1.67
Mateusz Wieteska,DF,Poland,25-310,1997,0,,,,,0,,0,0,,4,,,,,,,,,,,
Matheus Nunes,MF,Portugal,24-113,1998,2,73,37,16.2,0.8,1,64,0,1,9,3,1.50,2,1,+1,+1.23,+0.04,2.2,0.8,+1.4,+1.70,+1.73
Mathew Leckie,MF,Australia,31-317,1991,4,333,83,92.5,3.7,4,83,1,0,,0,1.50,3,6,-3,-0.81,-4.14,1.8,6.0,-4.2,-1.13,+1.32
Mathew Ryan,GK,Australia,30-254,1992,4,360,90,100.0,4.0,4,90,4,0,,0,1.50,4,6,-2,-0.50,,2.3,7.2,-4.9,-1.23,
Mathias Jensen,MF,Denmark,26-351,1996,2,84,42,31.1,0.9,1,58,0,1,26,1,0.50,0,0,0,0.00,+0.97,1.4,0.4,+1.0,+1.10,+2.16
Mathías Olivera,DF,Uruguay,25-048,1997,3,253,84,93.7,2.8,3,84,1,0,,0,1.33,2,1,+1,+0.36,+5.65,3.5,2.5,+1.0,+0.35,+4.73
Matt Turner,GK,United States,28-177,1994,4,360,90,100.0,4.0,4,90,4,0,,0,1.25,3,4,-1,-0.25,,4.1,4.4,-0.3,-0.07,
Matthew Smith,MF,Wales,23-026,1999,0,,,,,0,,0,0,,3,,,,,,,,,,,
Matthias Ginter,DF,Germany,28-333,1994,1,1,1,0.4,0.0,0,,0,1,1,2,3.00,0,0,0,0.00,-0.33,0.5,0.0,+0.5,+46.61,+44.55
Matthijs de Ligt,DF,Netherlands,23-128,1999,2,91,46,19.0,1.0,1,90,1,1,1,3,3.00,2,0,+2,+1.98,+1.05,0.7,1.0,-0.3,-0.29,-0.02
Matty Cash,DF,Poland,25-133,1997,4,360,90,100.0,4.0,4,90,4,0,,0,1.00,3,5,-2,-0.50,,4.5,7.3,-2.7,-0.69,
Mattéo Guendouzi,FW,France,23-248,1999,1,78,78,11.8,0.9,1,78,0,0,,6,0.00,0,1,-1,-1.15,-2.55,0.2,0.5,-0.3,-0.35,-0.97
Matías Vecino,MF,Uruguay,31-116,1991,3,195,65,72.2,2.2,2,69,0,1,57,0,1.33,0,1,-1,-0.46,-1.66,1.6,1.7,0.0,-0.01,-0.22
Matías Viña,DF,Uruguay,25-039,1997,2,17,9,6.3,0.2,0,,0,2,9,1,0.50,0,1,-1,-5.29,-5.65,0.2,1.0,-0.8,-4.38,-4.73
Maxi Gómez,FW,Uruguay,26-126,1996,2,30,15,11.1,0.3,0,,0,2,15,1,1.50,0,1,-1,-3.00,-3.37,0.6,1.6,-0.9,-2.77,-3.17
Maya Yoshida,DF,Japan,34-116,1988,4,390,98,100.0,4.3,4,98,4,0,,0,1.75,5,4,+1,+0.23,,5.0,5.7,-0.7,-0.17,-0.17
Mehdi Taremi,FW,IR Iran,30-153,1992,3,270,90,100.0,3.0,3,90,3,0,,0,1.00,4,7,-3,-1.00,,3.2,4.2,-0.9,-0.32,
Mehdi Torabi,MF,IR Iran,28-099,1994,3,62,21,23.0,0.7,0,,0,3,21,0,1.00,4,2,+2,+2.90,+5.07,1.9,1.5,+0.5,+0.68,+1.29
Memphis,FW,Netherlands,28-308,1994,5,297,59,61.9,3.3,3,74,0,2,37,0,2.20,7,4,+3,+0.91,-0.57,3.7,4.8,-1.0,-0.31,-0.09
Meshaal Barsham,GK,Qatar,24-307,1998,2,180,90,66.7,2.0,2,90,2,0,,1,0.00,1,5,-4,-2.00,0.00,1.1,2.4,-1.3,-0.63,+0.23
Michael Estrada,FW,Ecuador,26-255,1996,3,225,75,83.3,2.5,3,75,0,0,,0,1.33,3,2,+1,+0.40,+0.40,2.9,2.0,+0.9,+0.36,-0.19
Michał Skóraś,MF,Poland,22-306,2000,1,45,45,12.5,0.5,0,,0,1,45,3,0.00,0,2,-2,-4.00,-4.00,0.1,1.7,-1.6,-3.22,-2.89
Michel Aebischer,MF,Switzerland,25-346,1997,1,16,16,4.4,0.2,0,,0,1,16,3,0.00,0,1,-1,-5.63,-4.84,0.0,0.4,-0.4,-2.14,-2.32
Michy Batshuayi,FW,Belgium,29-077,1993,2,151,76,55.9,1.7,2,76,0,0,,1,1.50,1,1,0,0.00,+0.76,1.5,3.2,-1.7,-1.04,-2.48
Miki Yamane,DF,Japan,28-361,1993,1,61,61,15.6,0.7,1,61,0,0,,3,0.00,0,0,0,0.00,-0.27,0.4,0.0,+0.3,+0.48,+0.75
Mikkel Damsgaard,MF,Denmark,22-168,2000,3,150,50,55.6,1.7,1,72,0,2,39,0,0.33,1,2,-1,-0.60,+0.15,2.0,1.7,+0.3,+0.16,+1.25
Milad Mohammadi,DF,IR Iran,29-080,1993,3,196,65,72.6,2.2,3,65,1,0,,0,1.00,2,5,-3,-1.38,-1.38,1.6,2.8,-1.2,-0.54,-0.81
Milan Borjan,GK,Canada,35-056,1987,3,270,90,100.0,3.0,3,90,3,0,,0,0.00,2,7,-5,-1.67,,4.2,3.9,+0.3,+0.11,
Miloš Degenek,DF,Australia,28-234,1994,4,183,46,50.8,2.0,2,81,1,2,11,0,1.50,1,2,-1,-0.49,+0.02,0.7,2.0,-1.3,-0.65,+1.18
Miloš Veljković,DF,Serbia,27-083,1995,3,221,74,81.9,2.5,3,74,1,0,,0,0.33,5,8,-3,-1.22,-1.22,3.0,6.2,-3.2,-1.30,+0.09
Mislav Oršić,FW,Croatia,29-354,1992,6,162,27,23.5,1.8,1,89,0,5,15,1,1.50,4,2,+2,+1.11,+1.28,1.9,2.1,-0.2,-0.13,+0.50
Mitchell Duke,FW,Australia,31-334,1991,4,270,68,75.0,3.0,4,68,0,0,,0,1.50,3,4,-1,-0.33,+0.67,1.7,4.0,-2.3,-0.77,+1.82
Mohamed Ali Ben Romdhane,MF,Tunisia,23-103,1999,1,73,73,27.0,0.8,1,73,0,0,,2,3.00,1,0,+1,+1.23,+1.69,0.5,0.2,+0.3,+0.37,+0.74
Mohamed Dräger,DF,Tunisia,26-176,1996,2,132,66,48.9,1.5,2,66,0,0,,1,0.50,0,1,-1,-0.68,-1.33,1.2,1.7,-0.5,-0.32,-0.30
Mohamed Kanno,MF,Saudi Arabia,28-087,1994,3,270,90,100.0,3.0,3,90,3,0,,0,1.00,3,5,-2,-0.67,,3.0,6.0,-3.0,-1.01,
Mohammed Al Yami,GK,Saudi Arabia,25-126,1997,0,,,,,0,,0,0,,3,,,,,,,,,,,
Mohammed Al-Breik,DF,Saudi Arabia,30-094,1992,2,65,33,24.1,0.7,1,64,0,1,1,0,1.50,0,1,-1,-1.38,-0.95,1.4,0.6,+0.8,+1.16,+2.86
Mohammed Al-Owais,GK,Saudi Arabia,31-069,1991,3,270,90,100.0,3.0,3,90,3,0,,0,1.00,3,5,-2,-0.67,,3.0,6.0,-3.0,-1.01,
Mohammed Muntari,FW,Qatar,28-363,1993,3,63,21,23.3,0.7,0,,0,3,21,0,0.00,1,1,0,0.00,+2.61,0.3,0.3,0.0,+0.02,+0.95
Mohammed Salisu,DF,Ghana,23-245,1999,3,270,90,100.0,3.0,3,90,3,0,,0,1.00,5,7,-2,-0.67,,4.1,5.6,-1.4,-0.48,
Mohammed Waad,MF,Qatar,23-091,1999,2,28,14,10.4,0.3,0,,0,2,14,1,0.00,0,1,-1,-3.21,-1.35,0.2,0.3,-0.1,-0.17,+0.60
Moisés Caicedo,MF,Ecuador,21-046,2001,3,269,90,99.6,3.0,3,90,2,0,,0,1.33,4,3,+1,+0.33,+0.33,3.7,2.6,+1.1,+0.37,-4.79
Moisés Ramírez,GK,Ecuador,22-100,2000,0,,,,,0,,0,0,,3,,,,,,,,,,,
Montassar Talbi,DF,Tunisia,24-206,1998,3,270,90,100.0,3.0,3,90,3,0,,0,1.33,1,1,0,0.00,,2.3,2.8,-0.5,-0.17,
Morteza Pouraliganji,DF,IR Iran,30-243,1992,3,270,90,100.0,3.0,3,90,3,0,,0,1.00,4,7,-3,-1.00,,3.2,4.2,-0.9,-0.32,
Mostafa Meshaal,MF,Qatar,21-265,2001,0,,,,,0,,0,0,,3,,,,,,,,,,,
Mouez Hassen,GK,Tunisia,27-288,1995,0,,,,,0,,0,0,,3,,,,,,,,,,,
Moumi Ngamaleu,FW,Cameroon,28-162,1994,2,95,48,35.2,1.1,1,85,0,1,10,1,1.50,0,0,0,0.00,0.00,0.3,1.7,-1.4,-1.29,-0.78
Moussa N'Diaye,DF,Senegal,20-183,2002,0,,,,,0,,0,0,,4,,,,,,,,,,,
Moustapha Name,MF,Senegal,27-227,1995,0,,,,,0,,0,0,,4,,,,,,,,,,,
Munir,GK,Morocco,33-222,1989,1,90,90,13.6,1.0,1,90,1,0,,6,3.00,2,0,+2,+2.00,+2.16,1.5,1.0,+0.5,+0.52,+0.74
Musab Kheder,DF,Qatar,29-083,1993,1,6,6,2.2,0.1,0,,0,1,6,2,0.00,0,0,0,0.00,+2.05,0.0,0.0,0.0,-0.07,+0.65
Na Sang-ho,FW,Korea Republic,26-128,1996,2,119,60,33.1,1.3,1,74,0,1,45,2,0.50,2,1,+1,+0.76,+2.25,1.9,0.9,+1.1,+0.80,+2.13
Nader Ghandri,DF,Tunisia,27-303,1995,1,90,90,33.3,1.0,1,90,1,0,,2,3.00,1,0,+1,+1.00,+1.50,0.5,0.8,-0.3,-0.30,-0.20
Nahuel Molina,DF,Argentina,24-256,1998,7,567,81,82.2,6.3,6,90,2,1,28,0,2.00,14,7,+7,+1.11,+1.11,12.3,2.6,+9.7,+1.54,+0.90
Naif Al-Hadhrami,MF,Qatar,21-153,2001,0,,,,,0,,0,0,,3,,,,,,,,,,,
Nampalys Mendy,MF,Senegal,30-178,1992,4,272,68,75.6,3.0,3,85,2,1,16,0,1.50,2,5,-3,-0.99,-2.02,2.3,2.6,-0.3,-0.10,-1.49
Nasser Al-Dawsari,FW,Saudi Arabia,23-364,1998,1,5,5,1.9,0.1,0,,0,1,5,2,0.00,0,0,0,0.00,+0.68,0.1,0.2,-0.1,-2.08,-1.09
Nathan Aké,DF,Netherlands,27-303,1995,5,479,96,99.8,5.3,5,96,4,0,,0,2.20,10,4,+6,+1.13,+1.13,4.6,6.0,-1.4,-0.28,-0.06
Nathaniel Atkinson,DF,Australia,23-188,1999,1,84,84,23.3,0.9,1,84,0,0,,2,0.00,1,4,-3,-3.21,-3.54,0.5,3.7,-3.2,-3.39,-2.82
Nawaf Al Abed,MF,Saudi Arabia,32-326,1990,2,88,44,32.6,1.0,0,,0,2,44,1,1.50,2,1,+1,+1.02,+2.51,0.9,2.3,-1.4,-1.45,-0.64
Nawaf Al Aqidi,GK,Saudi Arabia,22-222,2000,0,,,,,0,,0,0,,3,,,,,,,,,,,
Nayef Aguerd,DF,Morocco,26-263,1996,4,353,88,53.5,3.9,4,88,3,0,,2,2.00,4,1,+3,+0.76,+1.35,2.6,3.2,-0.6,-0.14,-0.07
Naïm Sliti,MF,Tunisia,30-144,1992,2,114,57,42.2,1.3,1,90,1,1,24,1,0.50,0,1,-1,-0.79,-1.37,0.9,1.7,-0.7,-0.59,-0.73
Neco Williams,DF,Wales,21-249,2001,3,204,68,75.6,2.3,3,68,1,0,,0,0.33,0,3,-3,-1.32,+1.40,1.5,2.7,-1.2,-0.53,+0.37
Nemanja Gudelj,MF,Serbia,31-032,1991,2,92,46,34.1,1.0,1,56,0,1,36,1,0.00,0,0,0,0.00,+1.52,0.3,2.1,-1.9,-1.83,-0.79
Nemanja Maksimović,MF,Serbia,27-326,1995,3,122,41,45.2,1.4,1,90,1,2,16,0,0.33,3,3,0,0.00,+1.82,2.1,2.6,-0.5,-0.35,+1.76
Nemanja Radonjić,DF,Serbia,26-306,1996,3,60,20,22.2,0.7,0,,0,3,20,0,0.33,0,2,-2,-3.00,-2.57,0.4,1.7,-1.3,-1.93,-0.79
Neymar,MF,Brazil,30-316,1992,3,279,93,58.1,3.1,3,93,1,0,,0,2.33,7,2,+5,+1.61,+1.61,8.0,1.2,+6.8,+2.47,+1.26
Nick Pope,GK,England,30-243,1992,0,,,,,0,,0,0,,5,,,,,,,,,,,
Niclas Füllkrug,FW,Germany,29-312,1993,3,69,23,25.6,0.8,0,,0,3,23,0,1.33,4,3,+1,+1.30,+1.30,5.9,1.1,+4.8,+6.25,+5.42
Nico Elvedi,DF,Switzerland,26-079,1996,2,180,90,50.0,2.0,2,90,2,0,,1,1.50,1,1,0,0.00,+2.00,1.7,1.8,0.0,-0.01,-0.18
Nico Schlotterbeck,DF,Germany,23-017,1999,2,94,47,34.8,1.0,1,90,1,1,4,1,0.50,1,2,-1,-0.96,-1.98,3.1,1.5,+1.6,+1.54,-1.04
Nico Williams,FW,Spain,20-159,2002,4,146,37,37.4,1.6,1,56,0,3,30,0,1.25,4,3,+1,+0.62,-1.23,2.0,2.6,-0.6,-0.38,-1.61
Nicola Zalewski,MF,Poland,20-329,2002,2,65,33,18.1,0.7,1,45,0,1,20,2,0.50,1,2,-1,-1.38,-1.08,1.0,0.6,+0.4,+0.58,+1.55
Nicolas Jackson,FW,Senegal,21-181,2001,1,17,17,4.7,0.2,0,,0,1,17,3,0.00,0,2,-2,-10.59,-10.59,0.4,0.3,+0.1,+0.33,+0.08
Nicolas Nkoulou,DF,Cameroon,32-266,1990,2,180,90,66.7,2.0,2,90,2,0,,0,0.50,3,4,-1,-0.50,-1.50,3.0,3.3,-0.4,-0.18,+1.80
Nicolás De La Cruz,MF,Uruguay,25-200,1997,2,38,19,14.1,0.4,0,,0,2,19,1,2.00,0,0,0,0.00,0.00,0.4,0.7,-0.3,-0.74,-0.91
Nicolás Otamendi,DF,Argentina,34-309,1988,7,690,99,100.0,7.7,7,99,7,0,,0,2.00,15,8,+7,+0.91,,15.2,4.6,+10.6,+1.51,+1.51
Nicolás Tagliafico,DF,Argentina,30-109,1992,6,373,62,54.1,4.1,3,93,1,3,31,1,1.83,8,8,0,0.00,-1.99,9.8,3.5,+6.3,+1.66,+0.56
Niklas Süle,DF,Germany,27-106,1995,3,269,90,99.6,3.0,3,90,2,0,,0,1.33,6,5,+1,+0.33,+0.33,9.5,3.4,+6.1,+2.05,-44.55
Nikola Milenković,DF,Serbia,25-067,1997,3,270,90,100.0,3.0,3,90,3,0,,0,0.33,5,8,-3,-1.00,,3.4,7.3,-3.9,-1.32,
Nikola Vlašić,FW,Croatia,25-075,1997,6,209,35,30.3,2.3,1,45,0,5,33,1,1.50,2,2,0,0.00,-0.19,2.5,3.3,-0.7,-0.43,+0.13
Noa Lang,MF,Netherlands,23-184,1999,1,8,8,1.7,0.1,0,,0,1,8,4,1.00,0,0,0,0.00,-1.14,0.0,0.4,-0.4,,
Noah Okafor,FW,Switzerland,22-208,2000,3,45,15,12.5,0.5,0,,0,3,15,0,2.00,0,2,-2,-4.00,-3.43,0.4,0.5,-0.1,-0.15,-0.26
Nouhou Tolo,DF,Cameroon,25-178,1997,3,270,90,100.0,3.0,3,90,3,0,,0,1.33,4,4,0,0.00,,3.4,5.8,-2.3,-0.78,
Noussair Mazraoui,DF,Morocco,25-034,1997,5,365,73,55.3,4.1,5,73,2,0,,0,1.60,4,2,+2,+0.49,+0.80,2.7,4.2,-1.5,-0.37,-0.58
Nuno Mendes,DF,Portugal,20-182,2002,1,41,41,9.1,0.5,1,41,0,0,,0,3.00,0,0,0,0.00,-1.32,0.2,0.6,-0.4,-0.88,-1.24
Néstor Araujo,DF,Mexico,31-111,1991,1,90,90,33.3,1.0,1,90,1,0,,2,0.00,0,2,-2,-2.00,-2.50,0.3,0.3,-0.1,-0.05,-0.53
Oliver Christensen,GK,Denmark,23-271,1999,0,,,,,0,,0,0,,3,,,,,,,,,,,
Olivier Giroud,FW,France,36-079,1986,6,419,70,63.5,4.7,6,70,1,0,,1,2.67,10,4,+6,+1.29,+0.54,8.3,5.6,+2.7,+0.57,+0.19
Olivier Mbaizo,DF,Cameroon,25-125,1997,0,,,,,0,,0,0,,3,,,,,,,,,,,
Olivier Ntcham,MF,Cameroon,26-312,1996,1,25,25,9.3,0.3,0,,0,1,25,2,3.00,1,0,+1,+3.60,+3.97,0.2,1.2,-1.0,-3.84,-3.34
Orbelín Pineda,MF,Mexico,26-269,1996,1,76,76,28.1,0.8,1,76,0,0,,2,3.00,2,0,+2,+2.37,+3.76,1.9,0.4,+1.4,+1.71,+1.96
Osman Bukari,MF,Ghana,24-005,1998,2,59,30,21.9,0.7,0,,0,2,30,1,0.00,1,2,-1,-1.53,-1.10,1.2,1.0,+0.2,+0.33,+1.03
Otávio,MF,Portugal,27-312,1995,3,196,65,43.6,2.2,3,65,0,0,,0,2.00,5,2,+3,+1.38,+0.31,3.3,2.0,+1.3,+0.61,+0.63
Ousmane Dembélé,FW,France,25-217,1997,7,433,62,65.6,4.8,6,70,0,1,12,0,2.29,10,5,+5,+1.04,-0.15,9.2,5.2,+4.0,+0.82,+0.92
Pablo Sarabia,FW,Spain,30-221,1992,1,3,3,0.8,0.0,0,,0,1,3,3,1.00,0,0,0,0.00,-1.40,0.3,0.0,+0.3,,
Paik Seung-ho,MF,Korea Republic,25-276,1997,1,26,26,7.2,0.3,0,,0,1,26,3,0.00,1,0,+1,+3.46,+4.54,0.2,0.3,-0.1,-0.30,+0.36
Pape Abou Cissé,DF,Senegal,27-095,1995,3,105,35,29.2,1.2,1,90,1,2,8,1,2.00,1,3,-2,-1.71,-1.71,1.1,0.9,+0.2,+0.18,-0.11
Pape Gueye,MF,Senegal,23-328,1999,3,153,51,42.5,1.7,1,90,1,2,32,1,1.00,2,4,-2,-1.18,-1.18,2.8,1.5,+1.3,+0.76,+0.87
Pape Matar Sarr,MF,Senegal,20-095,2002,2,59,30,16.4,0.7,0,,0,2,30,2,1.50,1,2,-1,-1.53,-1.23,0.5,0.6,0.0,-0.07,-0.39
Papu Gómez,MF,Argentina,34-306,1988,2,107,54,15.5,1.2,2,54,0,0,,4,1.50,2,2,0,0.00,-1.08,1.1,0.2,+0.9,+0.72,-0.78
Pathé Ciss,MF,Senegal,28-277,1994,3,146,49,40.6,1.6,2,60,0,1,27,1,2.00,3,4,-1,-0.62,-0.20,2.8,2.0,+0.8,+0.48,+0.38
Patrick Sequeira,GK,Costa Rica,23-292,1999,0,,,,,0,,0,0,,3,,,,,,,,,,,
Pau Torres,DF,Spain,25-336,1997,1,90,90,23.1,1.0,1,90,1,0,,3,0.00,1,2,-1,-1.00,-3.10,1.0,1.4,-0.4,-0.42,-1.36
Paulo Dybala,FW,Argentina,29-033,1993,2,18,9,2.6,0.2,0,,0,2,9,5,2.00,0,0,0,0.00,-0.94,0.4,0.4,0.0,+0.04,-1.38
Payam Niazmand,GK,IR Iran,27-256,1995,0,,,,,0,,0,0,,3,,,,,,,,,,,
Pedri,MF,Spain,20-023,2002,4,356,89,91.3,4.0,4,89,3,0,,0,1.25,6,3,+3,+0.76,-7.18,5.3,3.4,+1.9,+0.52,-0.69
Pedro,FW,Brazil,25-181,1997,2,64,32,13.3,0.7,0,,0,2,32,3,0.50,1,2,-1,-1.41,-2.70,2.5,0.5,+2.0,+5.36,+3.77
Pepe,DF,Portugal,39-295,1983,4,360,90,80.0,4.0,4,90,4,0,,1,1.50,9,4,+5,+1.25,+0.25,5.8,5.6,+0.2,+0.05,-1.03
Pervis Estupiñán,DF,Ecuador,24-331,1998,3,270,90,100.0,3.0,3,90,3,0,,0,1.33,4,3,+1,+0.33,,3.7,2.6,+1.2,+0.39,
Phil Foden,FW,England,22-204,2000,4,258,65,57.3,2.9,3,79,1,1,20,1,2.25,9,3,+6,+2.09,+0.69,6.6,2.8,+3.8,+1.32,+0.93
Philipp Köhn,GK,Switzerland,24-260,1998,0,,,,,0,,0,0,,3,,,,,,,,,,,
Piero Hincapié,DF,Ecuador,20-343,2002,3,270,90,100.0,3.0,3,90,3,0,,0,1.33,4,3,+1,+0.33,,3.7,2.6,+1.2,+0.39,
Pierre Højbjerg,MF,Denmark,27-135,1995,3,270,90,100.0,3.0,3,90,3,0,,0,0.33,1,3,-2,-0.67,,2.7,3.9,-1.2,-0.39,
Pierre Kunde,MF,Cameroon,27-145,1995,2,131,66,48.5,1.5,2,66,0,0,,1,2.00,3,3,0,0.00,0.00,2.4,2.7,-0.3,-0.22,+1.11
Piotr Zieliński,MF,Poland,28-212,1994,4,328,82,91.1,3.6,4,82,2,0,,0,1.00,2,5,-3,-0.82,-3.64,3.2,6.9,-3.7,-1.02,-3.85
Predrag Rajković,GK,Serbia,27-048,1995,0,,,0.0,0.0,0,,0,0,,2,0.00,2,3,-1,,,,,,,
Przemysław Frankowski,MF,Poland,27-250,1995,4,240,60,66.7,2.7,3,74,1,1,19,0,1.00,2,2,0,0.00,+1.50,2.7,4.9,-2.2,-0.84,-0.46
Rafael Leão,FW,Portugal,23-191,1999,5,88,18,19.6,1.0,0,,0,5,18,0,1.80,4,2,+2,+2.05,+1.05,2.1,2.4,-0.3,-0.27,-0.65
Raheem Sterling,FW,England,28-010,1994,3,149,50,33.1,1.7,2,69,0,1,12,1,1.33,4,1,+3,+1.81,+0.02,2.4,1.0,+1.5,+0.88,-0.06
Ramin Rezaeian,DF,IR Iran,32-272,1990,2,180,90,66.7,2.0,2,90,2,0,,1,1.50,2,1,+1,+0.50,+4.50,1.9,2.0,-0.2,-0.10,+0.66
Randal Kolo Muani,FW,France,24-013,1998,3,182,61,27.6,2.0,1,90,1,2,46,4,1.33,4,2,+2,+0.99,-0.14,3.7,2.9,+0.8,+0.49,-0.02
Raphaël Guerreiro,DF,Portugal,28-361,1993,4,279,70,62.0,3.1,3,77,2,1,49,1,2.25,11,4,+7,+2.26,+2.78,5.6,3.6,+2.1,+0.66,+1.07
Raphaël Varane,DF,France,29-237,1993,6,518,86,78.5,5.8,6,86,3,0,,1,2.17,10,7,+3,+0.52,-2.65,7.0,9.2,-2.1,-0.37,-4.06
Raphinha,FW,Brazil,26-004,1996,5,315,63,65.6,3.5,4,76,1,1,12,0,2.00,6,2,+4,+1.14,+0.60,8.1,1.4,+6.7,+1.91,+0.16
Rasmus Nissen,DF,Denmark,25-160,1997,3,224,75,83.0,2.5,3,75,1,0,,0,0.33,1,2,-1,-0.40,+1.55,2.3,3.4,-1.1,-0.44,-0.28
Raúl Jiménez,FW,Mexico,31-227,1991,3,59,20,21.9,0.7,0,,0,3,20,0,1.33,0,2,-2,-3.05,-3.48,0.5,0.9,-0.4,-0.65,-1.22
Remko Pasveer,GK,Netherlands,39-040,1983,0,,,,,0,,0,0,,5,,,,,,,,,,,
Remo Freuler,MF,Switzerland,30-247,1992,4,323,81,89.7,3.6,4,81,3,0,,0,1.50,4,6,-2,-0.56,+4.31,4.8,4.7,+0.1,+0.03,-0.44
Renato Steffen,FW,Switzerland,31-045,1991,1,32,32,8.9,0.4,0,,0,1,32,2,0.00,0,1,-1,-2.81,-1.99,0.1,0.5,-0.4,-1.03,-1.22
Ricardo Horta,FW,Portugal,28-094,1994,3,119,40,26.4,1.3,1,90,1,2,15,2,1.00,2,2,0,0.00,-1.63,1.6,2.4,-0.8,-0.58,-1.13
Ricardo Rodríguez,DF,Switzerland,30-115,1992,4,359,90,99.7,4.0,4,90,3,0,,0,1.50,5,9,-4,-1.00,-1.00,5.5,5.3,+0.1,+0.03,-17.07
Richarlison,FW,Brazil,25-222,1997,4,323,81,67.3,3.6,4,81,1,0,,1,2.50,6,1,+5,+1.39,+1.39,7.6,1.3,+6.4,+1.77,-0.27
Richie Laryea,DF,Canada,27-345,1995,3,160,53,59.3,1.8,2,67,0,1,26,0,0.00,1,3,-2,-1.13,+1.33,3.2,1.6,+1.6,+0.88,+1.89
Riley McGree,FW,Australia,24-046,1998,4,265,66,73.6,2.9,4,66,0,0,,0,1.50,3,6,-3,-1.02,-1.97,1.7,5.2,-3.5,-1.17,+0.21
Ritsu Doan,FW,Japan,24-185,1998,4,217,54,55.6,2.4,2,76,0,2,33,0,1.75,5,1,+4,+1.66,+3.22,3.9,2.0,+1.9,+0.78,+2.11
Riyadh Sharahili,MF,Saudi Arabia,29-234,1993,1,54,54,20.0,0.6,0,,0,1,54,0,0.00,1,2,-1,-1.67,-1.25,1.0,1.5,-0.5,-0.79,+0.27
Roan Wilson,MF,Costa Rica,20-231,2002,1,1,1,0.4,0.0,0,,0,1,1,2,0.00,0,0,0,0.00,+2.68,0.0,0.5,-0.5,-46.61,-43.87
Robert Arboleda,DF,Ecuador,31-057,1991,0,,,,,0,,0,0,,3,,,,,,,,,,,
Robert Gumny,DF,Poland,24-197,1998,0,,,,,0,,0,0,,4,,,,,,,,,,,
Robert Lewandowski,FW,Poland,34-119,1988,4,360,90,100.0,4.0,4,90,4,0,,0,1.00,3,5,-2,-0.50,,4.5,7.3,-2.7,-0.69,
Robert Skov,DF,Denmark,26-212,1996,1,22,22,8.1,0.2,0,,0,1,22,2,0.00,0,0,0,0.00,+0.73,0.2,0.0,+0.2,+0.67,+1.16
Robert Sánchez,GK,Spain,25-030,1997,0,,,,,0,,0,0,,4,,,,,,,,,,,
Roberto Alvarado,FW,Mexico,24-102,1998,1,18,18,6.7,0.2,0,,0,1,18,2,0.00,0,1,-1,-5.00,-5.00,0.0,0.0,0.0,-0.22,-0.55
Rodolfo Cota,GK,Mexico,35-168,1987,0,,,,,0,,0,0,,3,,,,,,,,,,,
Rodri,DF,Spain,26-179,1996,4,390,98,100.0,4.3,4,98,4,0,,0,1.25,9,3,+6,+1.38,,6.2,3.4,+2.7,+0.68,+0.68
Rodrigo Bentancur,MF,Uruguay,25-176,1997,3,213,71,78.9,2.4,3,71,2,0,,0,1.33,2,2,0,0.00,0.00,3.2,2.8,+0.4,+0.18,+0.63
Rodrigo De Paul,MF,Argentina,28-208,1994,7,599,86,86.8,6.7,7,86,4,0,,0,2.00,13,5,+8,+1.20,+2.19,12.4,2.9,+9.4,+1.42,+0.29
Rodrygo,MF,Brazil,21-343,2001,5,181,36,37.7,2.0,1,54,0,4,32,0,2.00,2,1,+1,+0.50,-0.71,4.2,0.9,+3.3,+1.98,+0.18
Rogelio Funes Mori,FW,Mexico,31-288,1991,1,5,5,1.9,0.1,0,,0,1,5,2,3.00,0,1,-1,-18.00,-18.00,0.2,0.6,-0.5,-8.77,-9.24
Romain Saïss,DF,Morocco,32-267,1990,6,466,78,70.6,5.2,6,78,4,0,,1,1.83,5,2,+3,+0.58,+1.51,4.0,4.3,-0.4,-0.07,+0.11
Romario Ibarra,MF,Ecuador,28-085,1994,2,68,34,25.2,0.8,1,67,0,1,1,1,2.00,2,0,+2,+2.65,+3.09,1.2,0.3,+0.9,+1.21,+1.10
Romelu Lukaku,FW,Belgium,29-219,1993,2,55,28,20.4,0.6,0,,0,2,28,0,0.50,0,1,-1,-1.64,-1.64,2.1,0.8,+1.3,+2.20,+2.70
Roozbeh Cheshmi,DF,IR Iran,29-147,1993,2,58,29,21.5,0.6,1,45,0,1,13,1,1.50,2,3,-1,-1.55,-0.70,0.6,1.1,-0.4,-0.63,-0.41
Ruben Vargas,FW,Switzerland,24-135,1998,4,285,71,79.2,3.2,4,71,0,0,,0,1.50,5,6,-1,-0.32,+3.28,4.9,4.3,+0.6,+0.18,+0.47
Rubin Colwill,MF,Wales,20-235,2002,1,10,10,3.7,0.1,0,,0,1,10,2,0.00,0,0,0,0.00,+1.73,0.2,0.3,-0.1,-1.24,-0.64
Rui Patrício,GK,Portugal,34-306,1988,0,,,,,0,,0,0,,5,,,,,,,,,,,
Ró-Ró,DF,Qatar,32-134,1990,3,262,87,97.0,2.9,3,87,2,0,,0,0.00,1,6,-5,-1.72,+9.53,1.3,3.3,-2.1,-0.72,-0.22
Rónald Matarrita,DF,Costa Rica,28-162,1994,2,26,13,9.6,0.3,0,,0,2,13,1,0.00,0,4,-4,-13.85,-12.37,0.0,3.4,-3.3,-11.51,-9.53
Rúben Dias,DF,Portugal,25-218,1997,4,360,90,80.0,4.0,4,90,4,0,,1,2.25,11,4,+7,+1.75,+2.75,6.5,4.8,+1.7,+0.42,+0.84
Rúben Neves,MF,Portugal,25-280,1997,5,268,54,59.6,3.0,4,65,0,1,10,0,1.80,4,3,+1,+0.34,-2.14,3.3,2.9,+0.4,+0.13,-0.30
Saad Al Sheeb,GK,Qatar,32-302,1990,1,90,90,33.3,1.0,1,90,1,0,,2,0.00,0,2,-2,-2.00,0.00,0.3,1.2,-0.9,-0.86,-0.23
Sadegh Moharrami,DF,IR Iran,26-292,1996,1,90,90,33.3,1.0,1,90,1,0,,2,0.00,2,6,-4,-4.00,-4.50,1.4,2.1,-0.8,-0.75,-0.66
Saeid Ezatolahi,MF,IR Iran,26-078,1996,3,217,72,80.4,2.4,2,86,1,1,45,0,1.00,2,4,-2,-0.83,+0.87,2.6,3.1,-0.5,-0.22,+0.47
Saleh Al-Shehri,FW,Saudi Arabia,29-047,1993,3,223,74,82.6,2.5,3,74,0,0,,0,1.00,2,5,-3,-1.21,-3.13,2.1,4.8,-2.7,-1.09,-0.46
Salem Al-Dawsari,MF,Saudi Arabia,31-121,1991,3,270,90,100.0,3.0,3,90,3,0,,0,1.00,3,5,-2,-0.67,,3.0,6.0,-3.0,-1.01,
Salem Al-Hajri,MF,Qatar,26-252,1996,0,,,,,0,,0,0,,3,,,,,,,,,,,
Salis Abdul Samed,MF,Ghana,22-267,2000,3,250,83,92.6,2.8,3,83,1,0,,0,1.00,5,7,-2,-0.72,-0.72,3.5,5.3,-1.8,-0.66,-2.41
Salman Al-Faraj,MF,Saudi Arabia,33-139,1989,1,44,44,16.3,0.5,1,44,0,0,,0,3.00,0,1,-1,-2.05,-1.65,0.0,1.0,-1.0,-2.09,-1.29
Sam Adekugbe,DF,Canada,27-336,1995,3,95,32,35.2,1.1,1,59,0,2,18,0,0.00,1,3,-2,-1.89,-0.35,1.0,1.7,-0.8,-0.74,-1.31
Saman Ghoddos,MF,IR Iran,29-103,1993,1,45,45,16.7,0.5,0,,0,1,45,2,0.00,0,0,0,0.00,+1.20,0.4,0.3,+0.1,+0.21,+0.63
Sami Al-Najei,MF,Saudi Arabia,25-314,1997,1,45,45,16.7,0.5,1,45,0,0,,2,0.00,0,1,-1,-2.00,-1.60,0.9,0.3,+0.6,+1.24,+2.69
Samuel Oum Gouet,MF,Cameroon,25-005,1997,2,100,50,37.0,1.1,1,90,1,1,10,1,0.50,0,1,-1,-0.90,-1.43,0.8,1.6,-0.8,-0.71,+0.12
Samuel Piette,MF,Canada,28-036,1994,0,,,,,0,,0,0,,3,,,,,,,,,,,
Sardar Azmoun,FW,IR Iran,27-351,1995,3,126,42,46.7,1.4,2,56,0,1,14,0,1.00,1,2,-1,-0.71,+0.54,1.7,2.2,-0.5,-0.37,-0.10
Saud Abdulhamid,DF,Saudi Arabia,23-153,1999,3,270,90,100.0,3.0,3,90,3,0,,0,1.00,3,5,-2,-0.67,,3.0,6.0,-3.0,-1.01,
Saša Lukić,MF,Serbia,26-127,1996,3,245,82,90.7,2.7,3,82,2,0,,0,0.33,5,7,-2,-0.73,+2.87,3.2,6.8,-3.6,-1.33,-0.15
Sean Johnson,GK,United States,33-201,1989,0,,,,,0,,0,0,,4,,,,,,,,,,,
Sebastian Szymański,MF,Poland,23-222,1999,2,134,67,37.2,1.5,2,67,0,0,,2,0.50,0,1,-1,-0.67,-0.27,1.6,1.7,-0.2,-0.12,+0.90
Sebastián Coates,DF,Uruguay,32-072,1990,2,180,90,66.7,2.0,2,90,2,0,,1,1.50,2,2,0,0.00,0.00,3.1,2.9,+0.2,+0.10,+0.14
Sebastián Sosa,GK,Uruguay,36-121,1986,0,,,,,0,,0,0,,3,,,,,,,,,,,
Seifeddine Jaziri,FW,Tunisia,29-309,1993,0,,,,,0,,0,0,,3,,,,,,,,,,,
Selim Amallah,MF,Morocco,26-033,1996,7,409,58,62.0,4.5,4,75,1,3,36,0,1.57,1,0,+1,+0.22,+0.22,2.2,4.4,-2.2,-0.48,-0.98
Seny Dieng,GK,Senegal,28-025,1994,0,,,,,0,,0,0,,4,,,,,,,,,,,
Serge Gnabry,FW,Germany,27-157,1995,3,263,88,97.4,2.9,3,88,1,0,,0,1.33,6,5,+1,+0.34,+0.34,9.8,3.4,+6.4,+2.19,-1.25
Sergej Milinković-Savić,MF,Serbia,27-294,1995,3,233,78,86.3,2.6,3,78,1,0,,0,0.33,5,8,-3,-1.16,-1.16,3.1,7.0,-3.9,-1.51,-1.42
Sergio Busquets,MF,Spain,34-155,1988,4,363,91,93.1,4.0,4,91,3,0,,0,1.25,6,3,+3,+0.74,-9.26,5.3,3.4,+1.9,+0.52,-0.75
Sergio Rochet,GK,Uruguay,29-270,1993,3,270,90,100.0,3.0,3,90,3,0,,0,1.33,2,2,0,0.00,,3.7,3.5,+0.1,+0.05,
Sergiño Dest,DF,United States,22-045,2000,4,305,76,84.7,3.4,4,76,0,0,,0,1.25,2,2,0,0.00,+1.64,3.4,2.2,+1.2,+0.34,+2.71
Shaquell Moore,DF,United States,26-046,1996,2,22,11,6.1,0.2,0,,0,2,11,2,2.00,0,0,0,0.00,+0.27,0.1,0.5,-0.3,-1.39,-1.40
Shogo Taniguchi,DF,Japan,31-156,1991,2,210,105,53.8,2.3,2,105,2,0,,2,2.00,3,2,+1,+0.43,+0.43,2.7,2.5,+0.2,+0.09,+0.45
Shoja' Khalilzadeh,DF,IR Iran,33-218,1989,0,,,,,0,,0,0,,3,,,,,,,,,,,
Shuto Machino,FW,Japan,23-079,1999,0,,,,,0,,0,0,,4,,,,,,,,,,,
Shūichi Gonda,GK,Japan,33-290,1989,4,390,98,100.0,4.3,4,98,4,0,,0,1.75,5,4,+1,+0.23,,5.0,5.7,-0.7,-0.17,-0.17
Silvan Widmer,DF,Switzerland,29-288,1993,3,265,88,73.6,2.9,3,88,2,0,,0,2.00,4,3,+1,+0.34,+5.08,4.4,2.8,+1.6,+0.55,+1.79
Simon Kjær,DF,Denmark,33-267,1989,1,64,64,23.7,0.7,1,64,0,0,,2,1.00,0,0,0,0.00,+0.87,0.3,0.9,-0.5,-0.77,-0.49
Simon Mignolet,GK,Belgium,34-287,1988,0,,,,,0,,0,0,,3,,,,,,,,,,,
Simon Ngapandouetnbu,GK,Cameroon,19-250,2003,0,,,,,0,,0,0,,3,,,,,,,,,,,
Sofiane Boufal,FW,Morocco,29-092,1993,7,475,68,72.0,5.3,7,68,0,0,,0,1.57,4,4,0,0.00,-0.49,3.3,4.4,-1.1,-0.21,-0.35
Sofyan Amrabat,MF,Morocco,26-119,1996,7,660,94,100.0,7.3,7,94,7,0,,0,1.57,6,5,+1,+0.14,,6.6,7.4,-0.8,-0.12,-0.12
Son Heung-min,FW,Korea Republic,30-163,1992,4,360,90,100.0,4.0,4,90,4,0,,0,1.00,5,8,-3,-0.75,,4.6,7.1,-2.5,-0.63,
Son Jun-ho,MF,Korea Republic,30-220,1992,3,72,24,20.0,0.8,0,,0,3,24,1,1.33,2,0,+2,+2.50,+4.06,1.0,1.0,0.0,+0.04,+0.83
Song Bumkeun,GK,Korea Republic,25-064,1997,0,,,,,0,,0,0,,4,,,,,,,,,,,
Song Minkyu,FW,Korea Republic,23-097,1999,0,,,,,0,,0,0,,4,,,,,,,,,,,
Sorba Thomas,MF,Wales,23-118,1999,1,1,1,0.4,0.0,0,,0,1,1,2,1.00,0,0,0,0.00,+1.67,0.0,0.0,0.0,0.00,+0.63
Srđan Babić,DF,Serbia,26-240,1996,1,13,13,4.8,0.1,0,,0,1,13,2,1.00,0,0,0,0.00,+1.05,0.1,0.1,+0.1,+0.57,+1.98
Stefan Mitrović,DF,Serbia,32-210,1990,1,35,35,13.0,0.4,0,,0,1,35,2,1.00,0,2,-2,-5.14,-4.76,0.5,1.0,-0.6,-1.43,-0.13
Stefan de Vrij,DF,Netherlands,30-316,1992,0,,,,,0,,0,0,,5,,,,,,,,,,,
Stephen Eustáquio,MF,Canada,25-362,1996,2,125,63,46.3,1.4,2,63,0,0,,1,0.00,1,3,-2,-1.44,+0.42,2.4,1.4,+1.0,+0.71,+1.11
Steve Mandanda,GK,France,37-265,1985,1,90,90,13.6,1.0,1,90,1,0,,6,0.00,0,1,-1,-1.00,-2.42,0.8,0.5,+0.3,+0.30,-0.24
Steven Berghuis,MF,Netherlands,30-364,1991,4,200,50,41.7,2.2,1,78,0,3,41,1,2.00,2,1,+1,+0.45,-1.16,0.8,2.0,-1.2,-0.66,-0.59
Steven Bergwijn,FW,Netherlands,25-071,1997,4,213,53,44.4,2.4,3,56,0,1,45,1,2.00,2,2,0,0.00,-2.02,1.8,2.5,-0.7,-0.30,-0.05
Steven Vitória,DF,Canada,35-341,1987,3,270,90,100.0,3.0,3,90,3,0,,0,0.00,2,7,-5,-1.67,,4.2,3.9,+0.3,+0.11,
Strahinja Eraković,DF,Serbia,21-330,2001,0,,,,,0,,0,0,,3,,,,,,,,,,,
Strahinja Pavlović,DF,Serbia,21-208,2001,3,235,78,87.0,2.6,3,78,2,0,,0,0.33,5,6,-1,-0.38,+4.76,2.9,6.3,-3.4,-1.30,+0.13
Sultan Al-Ghanam,DF,Saudi Arabia,28-226,1994,3,126,42,46.7,1.4,1,87,0,2,20,0,1.00,0,3,-3,-2.14,-2.77,0.8,3.4,-2.6,-1.88,-1.63
Szymon Żurkowski,MF,Poland,25-084,1997,0,,,,,0,,0,0,,4,,,,,,,,,,,
Taha Yassine Khenissi,FW,Tunisia,30-346,1992,2,29,15,10.7,0.3,0,,0,2,15,1,0.50,0,0,0,0.00,0.00,0.4,0.2,+0.2,+0.59,+0.85
Tajon Buchanan,MF,Canada,23-313,1999,3,260,87,96.3,2.9,3,87,2,0,,0,0.00,2,7,-5,-1.73,-1.73,4.1,3.7,+0.4,+0.14,+0.91
Takefusa Kubo,FW,Japan,21-197,2001,2,90,45,23.1,1.0,2,45,0,0,,1,3.00,0,2,-2,-2.00,-2.90,0.2,2.4,-2.2,-2.16,-2.61
Takehiro Tomiyasu,DF,Japan,24-043,1998,3,187,62,47.9,2.1,1,120,1,2,34,1,2.33,3,1,+2,+0.96,+1.41,2.9,3.2,-0.3,-0.17,-0.02
Takuma Asano,FW,Japan,28-038,1994,4,165,41,42.3,1.8,0,,0,4,41,0,1.75,2,1,+1,+0.55,+0.55,2.7,2.3,+0.4,+0.26,+0.63
Takumi Minamino,FW,Japan,27-336,1995,3,60,20,15.4,0.7,0,,0,3,20,1,1.33,2,0,+2,+3.00,+3.27,0.9,0.8,+0.1,+0.30,+0.49
Tarek Salman,DF,Qatar,25-013,1997,1,8,8,3.0,0.1,0,,0,1,8,2,0.00,0,1,-1,-11.25,-9.53,0.2,0.2,0.0,-0.50,+0.22
Tariq Lamptey,DF,Ghana,22-079,2000,2,102,51,37.8,1.1,1,77,0,1,25,1,1.50,5,4,+1,+0.88,+2.49,2.5,1.9,+0.6,+0.52,+1.60
Teun Koopmeiners,MF,Netherlands,24-293,1998,5,219,44,45.6,2.4,1,78,0,4,35,0,2.20,6,3,+3,+1.23,+0.20,2.1,4.2,-2.1,-0.99,-1.17
Theo Hernández,DF,France,25-073,1997,6,508,85,77.0,5.6,5,86,4,1,78,1,2.67,13,5,+8,+1.42,+1.42,10.9,7.7,+3.2,+0.56,+0.25
Thiago Almada,MF,Argentina,21-236,2001,1,7,7,1.0,0.1,0,,0,1,7,6,3.00,0,0,0,0.00,-0.92,0.5,0.0,+0.5,+6.09,+4.76
Thiago Silva,DF,Brazil,38-087,1984,4,390,98,81.3,4.3,4,98,4,0,,1,2.50,8,2,+6,+1.38,+2.38,9.5,1.6,+7.9,+1.98,+0.49
Thibaut Courtois,GK,Belgium,30-221,1992,3,270,90,100.0,3.0,3,90,3,0,,0,1.33,1,2,-1,-0.33,,4.7,4.6,+0.2,+0.05,
Thilo Kehrer,DF,Germany,26-088,1996,1,69,69,25.6,0.8,1,69,0,0,,2,1.00,0,1,-1,-1.30,-2.20,0.3,0.6,-0.4,-0.46,-3.60
Thomas Delaney,MF,Denmark,31-106,1991,1,44,44,16.3,0.5,1,44,0,0,,0,1.00,0,0,0,0.00,+0.80,0.2,0.7,-0.5,-1.10,-0.85
Thomas Deng,DF,Australia,25-273,1997,0,,,,,0,,0,0,,4,,,,,,,,,,,
Thomas Meunier,DF,Belgium,31-097,1991,3,211,70,78.1,2.3,2,83,0,1,45,0,1.33,0,1,-1,-0.43,-0.43,3.8,2.2,+1.6,+0.69,+2.90
Thomas Müller,FW,Germany,33-096,1989,3,201,67,74.4,2.2,3,67,0,0,,0,1.33,2,2,0,0.00,-1.30,4.5,1.8,+2.7,+1.24,-3.79
Thomas Partey,MF,Ghana,29-188,1993,3,270,90,100.0,3.0,3,90,3,0,,0,1.00,5,7,-2,-0.67,,4.1,5.6,-1.4,-0.48,
Thorgan Hazard,FW,Belgium,29-264,1993,2,106,53,39.3,1.2,1,74,0,1,32,1,0.50,0,1,-1,-0.85,-0.85,2.9,1.2,+1.7,+1.45,+2.31
Tim Ream,DF,United States,35-074,1987,4,360,90,100.0,4.0,4,90,4,0,,0,1.25,3,4,-1,-0.25,,4.1,4.4,-0.3,-0.07,
Timothy Castagne,DF,Belgium,27-013,1995,3,270,90,100.0,3.0,3,90,3,0,,0,1.33,1,2,-1,-0.33,,4.7,4.6,+0.2,+0.05,
Timothy Weah,FW,United States,22-299,2000,4,316,79,87.8,3.5,4,79,0,0,,0,1.25,2,3,-1,-0.28,-0.28,3.4,2.6,+0.8,+0.23,+2.51
Toby Alderweireld,DF,Belgium,33-291,1989,3,270,90,100.0,3.0,3,90,3,0,,0,1.33,1,2,-1,-0.33,,4.7,4.6,+0.2,+0.05,
Tom Lockyer,DF,Wales,28-015,1994,0,,,,,0,,0,0,,3,,,,,,,,,,,
Trent Alexander-Arnold,DF,England,24-072,1998,1,34,34,7.6,0.4,0,,0,1,34,4,3.00,1,0,+1,+2.65,+0.92,1.2,0.2,+1.0,+2.58,+1.80
Tyler Adams,MF,United States,23-307,1999,4,360,90,100.0,4.0,4,90,4,0,,0,1.25,3,4,-1,-0.25,,4.1,4.4,-0.3,-0.07,
Tyrell Malacia,DF,Netherlands,23-123,1999,0,,,,,0,,0,0,,5,,,,,,,,,,,
Unai Simón,GK,Spain,25-190,1997,4,390,98,100.0,4.3,4,98,4,0,,0,1.25,9,3,+6,+1.38,,6.2,3.4,+2.7,+0.68,+0.68
Uriel Antuna,FW,Mexico,25-119,1997,3,77,26,28.5,0.9,0,,0,3,26,0,1.33,2,2,0,0.00,+0.47,1.4,1.1,+0.2,+0.29,-0.02
Uroš Račić,MF,Serbia,24-276,1998,0,,,,,0,,0,0,,3,,,,,,,,,,,
Vahid Amiri,FW,IR Iran,34-260,1988,0,,,,,0,,0,0,,3,,,,,,,,,,,
Vanja Milinković-Savić,GK,Serbia,25-301,1997,3,270,90,100.0,3.0,3,90,3,0,,0,0.33,5,8,-3,-1.00,,3.4,7.3,-3.9,-1.32,
Victor Nelsson,DF,Denmark,24-065,1998,1,90,90,33.3,1.0,1,90,1,0,,2,0.00,1,2,-1,-1.00,-0.50,0.6,2.4,-1.8,-1.76,-2.04
Vincent Aboubakar,FW,Cameroon,30-330,1992,3,142,47,52.6,1.6,1,89,0,2,27,0,1.33,3,0,+3,+1.90,+4.01,1.5,2.4,-0.9,-0.55,+0.49
Vincent Janssen,FW,Netherlands,28-186,1994,2,86,43,17.9,1.0,1,61,0,1,25,3,3.00,0,0,0,0.00,-1.37,0.4,0.4,0.0,+0.02,+0.36
Vinicius Júnior,FW,Brazil,22-159,2000,4,299,75,62.3,3.3,4,75,1,0,,1,2.50,7,0,+7,+2.11,+3.10,6.9,1.1,+5.7,+1.73,-0.35
Virgil van Dijk,DF,Netherlands,31-163,1991,5,480,96,100.0,5.3,5,96,5,0,,0,2.20,10,4,+6,+1.13,,4.6,6.1,-1.5,-0.29,-0.29
Vitinha,MF,Portugal,22-308,2000,3,120,40,26.7,1.3,1,81,0,2,20,2,1.00,2,1,+1,+0.75,-0.61,1.8,1.7,0.0,+0.03,-0.30
Wahbi Khazri,FW,Tunisia,31-313,1991,2,83,42,30.7,0.9,1,59,0,1,24,1,1.50,1,0,+1,+1.08,+1.57,1.0,0.2,+0.7,+0.81,+1.41
Wajdi Kechrida,DF,Tunisia,27-043,1995,3,111,37,41.1,1.2,1,90,1,2,11,0,1.33,1,0,+1,+0.81,+1.38,0.9,1.0,-0.1,-0.09,+0.13
Walid Cheddira,FW,Morocco,24-330,1998,2,64,32,9.7,0.7,0,,0,2,32,4,2.00,0,0,0,0.00,-0.15,0.5,0.9,-0.4,-1.12,-1.06
Walker Zimmerman,DF,United States,29-213,1993,4,279,70,77.5,3.1,3,90,3,1,9,0,1.25,2,4,-2,-0.65,-1.76,3.0,4.1,-1.1,-0.37,-1.30
Wataru Endo,MF,Japan,29-312,1993,4,304,76,77.9,3.4,3,100,3,1,4,0,1.75,3,3,0,0.00,-1.05,3.5,4.8,-1.3,-0.43,-0.92
Wayne Hennessey,GK,Wales,35-328,1987,2,175,88,64.8,1.9,2,88,1,0,,0,0.50,1,1,0,0.00,+4.74,2.3,1.7,+0.6,+0.30,+2.62
Weston McKennie,MF,United States,24-112,1998,4,271,68,75.3,3.0,4,68,0,0,,0,1.25,2,2,0,0.00,+1.01,3.2,1.8,+1.4,+0.46,+2.17
William Carvalho,MF,Portugal,30-255,1992,4,215,54,47.8,2.4,2,86,1,2,22,1,2.25,10,4,+6,+2.51,+2.51,4.0,4.0,-0.1,-0.02,-0.53
William Pacho,DF,Ecuador,21-063,2001,0,,,,,0,,0,0,,3,,,,,,,,,,,
William Saliba,DF,France,21-269,2001,1,28,28,4.2,0.3,0,,0,1,28,6,0.00,0,0,0,0.00,-1.14,0.6,0.0,+0.6,+1.93,+1.49
Wojciech Szczęsny,GK,Poland,32-244,1990,4,360,90,100.0,4.0,4,90,4,0,,0,1.00,3,5,-2,-0.50,,4.5,7.3,-2.7,-0.69,
Wout Faes,DF,Belgium,24-259,1998,0,,,,,0,,0,0,,3,,,,,,,,,,,
Wout Weghorst,FW,Netherlands,30-133,1992,4,64,16,13.3,0.7,0,,0,4,16,1,2.00,2,0,+2,+2.81,+1.95,0.5,0.6,-0.1,-0.40,-0.13
Wéverton,GK,Brazil,35-005,1987,1,11,11,2.3,0.1,0,,0,1,11,4,3.00,0,0,0,0.00,-0.96,0.3,0.1,+0.2,+1.71,-0.16
Xavi Simons,FW,Netherlands,19-241,2003,1,9,9,1.9,0.1,0,,0,1,9,4,3.00,0,0,0,0.00,-1.15,0.0,0.2,-0.2,-2.00,-1.75
Xavier Arreaga,DF,Ecuador,28-081,1994,0,,,,,0,,0,0,,3,,,,,,,,,,,
Xherdan Shaqiri,FW,Switzerland,31-069,1991,3,229,76,63.6,2.5,3,76,1,0,,1,2.00,5,8,-3,-1.18,-0.49,4.8,4.2,+0.7,+0.27,+0.52
Yahya Attiat Allah,DF,Morocco,27-291,1995,6,318,53,48.2,3.5,2,90,2,4,35,1,1.33,4,3,+1,+0.28,+0.28,5.1,3.2,+1.9,+0.60,+1.27
Yahya Jabrane,MF,Morocco,31-183,1991,2,15,8,2.3,0.2,0,,0,2,8,5,3.00,0,0,0,0.00,-0.14,,,,,
Yann Sommer,GK,Switzerland,34-001,1988,3,270,90,75.0,3.0,3,90,3,0,,0,1.00,2,7,-5,-1.67,-2.67,3.0,4.0,-1.1,-0.35,-1.73
Yannick Carrasco,FW,Belgium,29-105,1993,2,116,58,43.0,1.3,2,58,0,0,,1,2.00,1,0,+1,+0.78,+1.94,2.4,2.5,-0.1,-0.06,-0.20
Yasser Al-Shahrani,DF,Saudi Arabia,30-207,1992,1,89,89,33.0,1.0,1,89,0,0,,0,3.00,2,1,+1,+1.01,+2.50,0.1,2.1,-2.0,-2.00,-1.48
Yassine Bounou,GK,Morocco,31-257,1991,6,570,95,86.4,6.3,6,95,6,0,,1,1.33,4,5,-1,-0.16,-2.16,5.1,6.5,-1.3,-0.22,-0.62
Yassine Meriah,DF,Tunisia,29-169,1993,3,270,90,100.0,3.0,3,90,3,0,,0,1.33,1,1,0,0.00,,2.3,2.8,-0.5,-0.17,
Yeltsin Tejeda,MF,Costa Rica,30-276,1992,3,269,90,99.6,3.0,3,90,2,0,,0,1.00,3,11,-8,-2.68,-2.68,1.4,9.6,-8.2,-2.74,+43.87
Yeremi Pino,FW,Spain,20-059,2002,0,,,,,0,,0,0,,4,,,,,,,,,,,
Yoon Jong-gyu,DF,Korea Republic,24-273,1998,0,,,,,0,,0,0,,4,,,,,,,,,,,
Youri Tielemans,MF,Belgium,25-225,1997,3,95,32,35.2,1.1,1,45,0,2,25,0,1.33,1,2,-1,-0.95,-0.95,1.6,3.2,-1.6,-1.48,-2.37
Yousef Hassan,GK,Qatar,26-208,1996,0,,,,,0,,0,0,,3,,,,,,,,,,,
Youssef En-Nesyri,FW,Morocco,25-200,1997,7,542,77,82.1,6.0,7,77,2,0,,0,1.57,4,4,0,0.00,-0.76,3.7,5.4,-1.7,-0.28,-0.94
Youssef Msakni,MF,Tunisia,32-051,1990,2,169,85,62.6,1.9,2,85,1,0,,1,0.50,0,1,-1,-0.53,-1.42,1.8,1.8,0.0,-0.01,+0.41
Youssouf Fofana,MF,France,23-342,1999,6,227,38,34.4,2.5,2,81,1,4,16,1,2.17,5,3,+2,+0.79,-0.45,4.0,3.8,+0.1,+0.05,-0.65
Youssouf Sabaly,DF,Senegal,29-288,1993,4,360,90,100.0,4.0,4,90,4,0,,0,1.50,5,7,-2,-0.50,,4.6,3.5,+1.0,+0.26,
Youssoufa Moukoko,FW,Germany,18-028,2004,1,1,1,0.4,0.0,0,,0,1,1,2,0.00,0,0,0,0.00,-0.33,0.3,0.0,+0.3,+24.08,+21.94
Youstin Salas,DF,Costa Rica,26-184,1996,2,47,24,17.4,0.5,0,,0,2,24,1,1.50,2,3,-1,-1.91,+0.91,1.1,4.4,-3.3,-6.30,-4.12
Yuki Soma,FW,Japan,25-296,1997,1,81,81,20.8,0.9,1,81,0,0,,3,0.00,0,1,-1,-1.11,-1.69,0.7,0.1,+0.6,+0.63,+0.98
Yunus Musah,MF,United States,20-019,2002,4,343,86,95.3,3.8,4,86,3,0,,0,1.25,3,3,0,0.00,+5.29,3.9,3.5,+0.5,+0.12,+4.33
Yussuf Poulsen,FW,Denmark,28-186,1994,0,,,,,0,,0,0,,3,,,,,,,,,,,
Yuto Nagatomo,MF,Japan,36-097,1986,4,209,52,53.6,2.3,4,52,0,0,,0,1.75,1,3,-2,-0.86,-2.35,1.3,3.4,-2.1,-0.89,-1.59
Zakaria Aboukhlal,FW,Morocco,22-303,2000,4,79,20,12.0,0.9,0,,0,4,20,3,2.25,2,1,+1,+1.14,+1.14,2.4,2.0,+0.4,+0.50,+0.69
Zeno Debast,DF,Belgium,19-055,2003,0,,,,,0,,0,0,,3,,,,,,,,,,,
Álvaro Morata,FW,Spain,30-056,1992,4,185,46,47.4,2.1,1,56,0,3,43,0,1.25,5,3,+2,+0.97,-0.78,2.8,2.8,0.0,+0.01,-1.03
Álvaro Zamora,MF,Costa Rica,20-284,2002,1,30,30,11.1,0.3,0,,0,1,30,2,0.00,0,3,-3,-9.00,-7.13,0.0,0.9,-0.9,-2.57,+0.37
Ángel Correa,MF,Argentina,27-284,1995,1,5,5,0.7,0.1,0,,0,1,5,6,3.00,0,0,0,0.00,-0.92,0.0,0.1,-0.1,-1.78,-3.18
Ángel Di María,MF,Argentina,34-307,1988,5,288,58,41.7,3.2,4,70,1,1,9,2,1.60,5,2,+3,+0.94,+0.04,6.8,0.8,+6.0,+1.92,+0.91
Ángel Mena,FW,Ecuador,34-331,1988,0,,,,,0,,0,0,,3,,,,,,,,,,,
Ángelo Preciado,DF,Ecuador,24-303,1998,3,264,88,97.8,2.9,3,88,2,0,,0,1.33,4,3,+1,+0.34,+0.34,3.6,2.5,+1.1,+0.37,-0.79
Éder Militão,DF,Brazil,24-334,1998,4,347,87,72.3,3.9,4,87,2,0,,1,1.75,6,1,+5,+1.30,+1.30,9.1,1.5,+7.5,+1.95,+0.34
Óscar Duarte,DF,Costa Rica,33-198,1989,3,270,90,100.0,3.0,3,90,3,0,,0,1.00,3,11,-8,-2.67,,1.4,10.1,-8.7,-2.90,
İlkay Gündoğan,MF,Germany,32-055,1990,3,189,63,70.0,2.1,3,63,0,0,,0,1.33,2,1,+1,+0.48,+0.48,3.6,1.3,+2.3,+1.10,-3.74
Łukasz Skorupski,GK,Poland,31-227,1991,0,,,,,0,,0,0,,4,,,,,,,,,,,
